,Trial-ID,Status,Iteration,batch_size,hidden_unit,lstm_unit,Objective
0,1,INTERMEDIATE,0,64,105,80,7.202474117279053
1,1,INTERMEDIATE,1,64,105,80,6.866629123687744
2,1,INTERMEDIATE,2,64,105,80,6.54589319229126
3,1,INTERMEDIATE,3,64,105,80,6.222555160522461
4,1,INTERMEDIATE,4,64,105,80,5.8850884437561035
5,1,INTERMEDIATE,5,64,105,80,5.573876857757568
6,1,INTERMEDIATE,6,64,105,80,5.278186798095703
7,1,INTERMEDIATE,7,64,105,80,4.994887351989746
8,1,INTERMEDIATE,8,64,105,80,4.681060791015625
9,1,INTERMEDIATE,9,64,105,80,4.558966636657715
10,1,INTERMEDIATE,10,64,105,80,4.192705154418945
11,1,INTERMEDIATE,11,64,105,80,4.109032154083252
12,1,INTERMEDIATE,12,64,105,80,3.8741066455841064
13,1,INTERMEDIATE,13,64,105,80,3.782416582107544
14,1,INTERMEDIATE,14,64,105,80,3.48897647857666
15,1,INTERMEDIATE,15,64,105,80,3.442157030105591
16,1,INTERMEDIATE,16,64,105,80,3.6592862606048584
17,1,INTERMEDIATE,17,64,105,80,3.3666141033172607
18,1,INTERMEDIATE,18,64,105,80,3.1897990703582764
19,1,INTERMEDIATE,19,64,105,80,3.1032493114471436
20,1,INTERMEDIATE,20,64,105,80,3.005605936050415
21,1,INTERMEDIATE,21,64,105,80,2.896415948867798
22,1,INTERMEDIATE,22,64,105,80,2.729306936264038
23,1,INTERMEDIATE,23,64,105,80,3.285630464553833
24,1,INTERMEDIATE,24,64,105,80,3.055119276046753
25,1,INTERMEDIATE,25,64,105,80,2.8792505264282227
26,1,INTERMEDIATE,26,64,105,80,2.831376314163208
27,1,INTERMEDIATE,27,64,105,80,2.772780656814575
28,1,INTERMEDIATE,28,64,105,80,2.6962461471557617
29,1,INTERMEDIATE,29,64,105,80,2.5681843757629395
30,1,INTERMEDIATE,30,64,105,80,2.574248790740967
31,1,INTERMEDIATE,31,64,105,80,2.5217347145080566
32,1,INTERMEDIATE,32,64,105,80,2.3897957801818848
33,1,INTERMEDIATE,33,64,105,80,2.3381028175354004
34,1,INTERMEDIATE,34,64,105,80,2.38663911819458
35,1,INTERMEDIATE,35,64,105,80,2.269728899002075
36,1,INTERMEDIATE,36,64,105,80,2.198688507080078
37,1,INTERMEDIATE,37,64,105,80,2.177945375442505
38,1,INTERMEDIATE,38,64,105,80,2.103053331375122
39,1,INTERMEDIATE,39,64,105,80,2.8588645458221436
40,1,INTERMEDIATE,40,64,105,80,2.121443271636963
41,1,INTERMEDIATE,41,64,105,80,2.335942029953003
42,1,INTERMEDIATE,42,64,105,80,2.299957513809204
43,1,INTERMEDIATE,43,64,105,80,2.181344509124756
44,1,INTERMEDIATE,44,64,105,80,2.0694234371185303
45,1,INTERMEDIATE,45,64,105,80,2.0113062858581543
46,1,INTERMEDIATE,46,64,105,80,2.0569252967834473
47,1,INTERMEDIATE,47,64,105,80,2.275343894958496
48,1,INTERMEDIATE,48,64,105,80,2.005598545074463
49,1,INTERMEDIATE,49,64,105,80,2.200260877609253
50,1,INTERMEDIATE,50,64,105,80,2.813647508621216
51,1,INTERMEDIATE,51,64,105,80,2.541595458984375
52,1,INTERMEDIATE,52,64,105,80,2.337960720062256
53,1,INTERMEDIATE,53,64,105,80,2.2495720386505127
54,1,INTERMEDIATE,54,64,105,80,2.1761364936828613
55,1,INTERMEDIATE,55,64,105,80,2.1213431358337402
56,1,INTERMEDIATE,56,64,105,80,2.076981782913208
57,1,INTERMEDIATE,57,64,105,80,2.03429913520813
58,1,INTERMEDIATE,58,64,105,80,1.9887490272521973
59,1,INTERMEDIATE,59,64,105,80,1.9331146478652954
60,1,COMPLETED,59,64,105,80,1.9331146478652954
61,2,INTERMEDIATE,0,64,33,73,6.7088141441345215
62,2,INTERMEDIATE,1,64,33,73,6.418348789215088
63,2,INTERMEDIATE,2,64,33,73,6.140232086181641
64,2,INTERMEDIATE,3,64,33,73,5.862360000610352
65,2,INTERMEDIATE,4,64,33,73,5.5753045082092285
66,2,INTERMEDIATE,5,64,33,73,5.31323766708374
67,2,INTERMEDIATE,6,64,33,73,5.072206497192383
68,2,INTERMEDIATE,7,64,33,73,4.881070137023926
69,2,INTERMEDIATE,8,64,33,73,4.592995643615723
70,2,INTERMEDIATE,9,64,33,73,4.435019493103027
71,2,INTERMEDIATE,10,64,33,73,4.2263712882995605
72,2,INTERMEDIATE,11,64,33,73,4.000105857849121
73,2,INTERMEDIATE,12,64,33,73,3.9473869800567627
74,2,INTERMEDIATE,13,64,33,73,3.737544298171997
75,2,INTERMEDIATE,14,64,33,73,3.4874467849731445
76,2,INTERMEDIATE,15,64,33,73,3.3606340885162354
77,2,INTERMEDIATE,16,64,33,73,3.3196210861206055
78,2,INTERMEDIATE,17,64,33,73,3.198512315750122
79,2,INTERMEDIATE,18,64,33,73,3.1757819652557373
80,2,INTERMEDIATE,19,64,33,73,3.048548460006714
81,2,INTERMEDIATE,20,64,33,73,2.923903703689575
82,2,INTERMEDIATE,21,64,33,73,2.81018328666687
83,2,INTERMEDIATE,22,64,33,73,2.7116003036499023
84,2,INTERMEDIATE,23,64,33,73,2.6161484718322754
85,2,INTERMEDIATE,24,64,33,73,2.523055076599121
86,2,INTERMEDIATE,25,64,33,73,2.4346635341644287
87,2,INTERMEDIATE,26,64,33,73,2.350583553314209
88,2,INTERMEDIATE,27,64,33,73,2.1524665355682373
89,2,INTERMEDIATE,28,64,33,73,2.145634174346924
90,2,INTERMEDIATE,29,64,33,73,2.2848901748657227
91,2,INTERMEDIATE,30,64,33,73,2.4305222034454346
92,2,INTERMEDIATE,31,64,33,73,2.3487730026245117
93,2,INTERMEDIATE,32,64,33,73,2.294595241546631
94,2,INTERMEDIATE,33,64,33,73,2.252791166305542
95,2,INTERMEDIATE,34,64,33,73,2.197244167327881
96,2,INTERMEDIATE,35,64,33,73,2.125760793685913
97,2,INTERMEDIATE,36,64,33,73,2.049617290496826
98,2,INTERMEDIATE,37,64,33,73,1.9720877408981323
99,2,INTERMEDIATE,38,64,33,73,1.91053307056427
100,2,INTERMEDIATE,39,64,33,73,1.8365026712417603
101,2,INTERMEDIATE,40,64,33,73,1.762780785560608
102,2,INTERMEDIATE,41,64,33,73,1.6711630821228027
103,2,INTERMEDIATE,42,64,33,73,1.5865274667739868
104,2,INTERMEDIATE,43,64,33,73,1.4577083587646484
105,2,INTERMEDIATE,44,64,33,73,1.4167054891586304
106,2,INTERMEDIATE,45,64,33,73,1.3766330480575562
107,2,INTERMEDIATE,46,64,33,73,1.34623384475708
108,2,INTERMEDIATE,47,64,33,73,1.368630051612854
109,2,INTERMEDIATE,48,64,33,73,1.3933486938476562
110,2,INTERMEDIATE,49,64,33,73,1.4990812540054321
111,2,INTERMEDIATE,50,64,33,73,1.435540795326233
112,2,INTERMEDIATE,51,64,33,73,1.3257144689559937
113,2,INTERMEDIATE,52,64,33,73,1.2258036136627197
114,2,INTERMEDIATE,53,64,33,73,1.121148943901062
115,2,INTERMEDIATE,54,64,33,73,1.1326024532318115
116,2,INTERMEDIATE,55,64,33,73,1.076392650604248
117,2,INTERMEDIATE,56,64,33,73,1.0479496717453003
118,2,INTERMEDIATE,57,64,33,73,1.0450855493545532
119,2,INTERMEDIATE,58,64,33,73,1.0585217475891113
120,2,INTERMEDIATE,59,64,33,73,1.0730996131896973
121,2,COMPLETED,59,64,33,73,1.0450855493545532
122,3,INTERMEDIATE,0,64,111,71,6.558635711669922
123,3,INTERMEDIATE,1,64,111,71,6.273657321929932
124,3,INTERMEDIATE,2,64,111,71,6.002749919891357
125,3,INTERMEDIATE,3,64,111,71,5.731220245361328
126,3,INTERMEDIATE,4,64,111,71,5.441896438598633
127,3,INTERMEDIATE,5,64,111,71,5.10981559753418
128,3,INTERMEDIATE,6,64,111,71,4.802927494049072
129,3,INTERMEDIATE,7,64,111,71,4.535734176635742
130,3,INTERMEDIATE,8,64,111,71,4.216649532318115
131,3,INTERMEDIATE,9,64,111,71,4.10385274887085
132,3,INTERMEDIATE,10,64,111,71,3.904287099838257
133,3,INTERMEDIATE,11,64,111,71,3.855161428451538
134,3,INTERMEDIATE,12,64,111,71,3.652228593826294
135,3,INTERMEDIATE,13,64,111,71,3.389603853225708
136,3,INTERMEDIATE,14,64,111,71,3.375751256942749
137,3,INTERMEDIATE,15,64,111,71,3.3748085498809814
138,3,INTERMEDIATE,16,64,111,71,3.158482551574707
139,3,INTERMEDIATE,17,64,111,71,3.038052797317505
140,3,INTERMEDIATE,18,64,111,71,2.9042537212371826
141,3,INTERMEDIATE,19,64,111,71,2.7941601276397705
142,3,INTERMEDIATE,20,64,111,71,2.8119747638702393
143,3,INTERMEDIATE,21,64,111,71,2.6109983921051025
144,3,INTERMEDIATE,22,64,111,71,2.5434722900390625
145,3,INTERMEDIATE,23,64,111,71,2.4069221019744873
146,3,INTERMEDIATE,24,64,111,71,2.3223822116851807
147,3,INTERMEDIATE,25,64,111,71,2.3057918548583984
148,3,INTERMEDIATE,26,64,111,71,2.281341791152954
149,3,INTERMEDIATE,27,64,111,71,2.1913626194000244
150,3,INTERMEDIATE,28,64,111,71,2.067883014678955
151,3,INTERMEDIATE,29,64,111,71,2.049133062362671
152,3,INTERMEDIATE,30,64,111,71,2.1223082542419434
153,3,INTERMEDIATE,31,64,111,71,1.8825291395187378
154,3,INTERMEDIATE,32,64,111,71,2.032536745071411
155,3,INTERMEDIATE,33,64,111,71,1.814378261566162
156,3,INTERMEDIATE,34,64,111,71,1.718441367149353
157,3,INTERMEDIATE,35,64,111,71,1.7128711938858032
158,3,INTERMEDIATE,36,64,111,71,1.6223734617233276
159,3,INTERMEDIATE,37,64,111,71,1.5820363759994507
160,3,INTERMEDIATE,38,64,111,71,1.5792217254638672
161,3,INTERMEDIATE,39,64,111,71,1.576703667640686
162,3,INTERMEDIATE,40,64,111,71,1.452195644378662
163,3,INTERMEDIATE,41,64,111,71,1.4427791833877563
164,3,INTERMEDIATE,42,64,111,71,1.3923931121826172
165,3,INTERMEDIATE,43,64,111,71,1.3482722043991089
166,3,INTERMEDIATE,44,64,111,71,1.3384405374526978
167,3,INTERMEDIATE,45,64,111,71,1.3169310092926025
168,3,INTERMEDIATE,46,64,111,71,1.3091280460357666
169,3,INTERMEDIATE,47,64,111,71,1.377306580543518
170,3,INTERMEDIATE,48,64,111,71,1.3384863138198853
171,3,INTERMEDIATE,49,64,111,71,1.3109190464019775
172,3,INTERMEDIATE,50,64,111,71,1.2044734954833984
173,3,INTERMEDIATE,51,64,111,71,1.1622506380081177
174,3,INTERMEDIATE,52,64,111,71,1.1381105184555054
175,3,INTERMEDIATE,53,64,111,71,1.1308729648590088
176,3,INTERMEDIATE,54,64,111,71,1.091984748840332
177,3,INTERMEDIATE,55,64,111,71,1.0503284931182861
178,3,INTERMEDIATE,56,64,111,71,1.0228031873703003
179,3,INTERMEDIATE,57,64,111,71,1.044084906578064
180,3,INTERMEDIATE,58,64,111,71,1.0508544445037842
181,3,INTERMEDIATE,59,64,111,71,1.0345370769500732
182,3,COMPLETED,59,64,111,71,1.0228031873703003
183,4,INTERMEDIATE,0,32,15,60,5.713059902191162
184,4,INTERMEDIATE,1,32,15,60,5.354075908660889
185,4,INTERMEDIATE,2,32,15,60,4.999638080596924
186,4,INTERMEDIATE,3,32,15,60,4.584453105926514
187,4,INTERMEDIATE,4,32,15,60,4.152858734130859
188,4,INTERMEDIATE,5,32,15,60,3.7164573669433594
189,4,INTERMEDIATE,6,32,15,60,3.5347788333892822
190,4,INTERMEDIATE,7,32,15,60,3.6110680103302
191,4,INTERMEDIATE,8,32,15,60,3.297863006591797
192,4,INTERMEDIATE,9,32,15,60,2.828590154647827
193,4,INTERMEDIATE,10,32,15,60,2.634512186050415
194,4,INTERMEDIATE,11,32,15,60,2.444283962249756
195,4,INTERMEDIATE,12,32,15,60,2.4459025859832764
196,4,INTERMEDIATE,13,32,15,60,2.2457237243652344
197,4,INTERMEDIATE,14,32,15,60,2.2356460094451904
198,4,INTERMEDIATE,15,32,15,60,2.153104782104492
199,4,INTERMEDIATE,16,32,15,60,2.0843935012817383
200,4,INTERMEDIATE,17,32,15,60,1.9595308303833008
201,4,INTERMEDIATE,18,32,15,60,1.8073822259902954
202,4,INTERMEDIATE,19,32,15,60,1.9235340356826782
203,4,INTERMEDIATE,20,32,15,60,1.7658309936523438
204,4,INTERMEDIATE,21,32,15,60,1.5876131057739258
205,4,INTERMEDIATE,22,32,15,60,1.594221591949463
206,4,INTERMEDIATE,23,32,15,60,1.5496211051940918
207,4,INTERMEDIATE,24,32,15,60,1.428227424621582
208,4,INTERMEDIATE,25,32,15,60,1.493831992149353
209,4,INTERMEDIATE,26,32,15,60,1.4775325059890747
210,4,INTERMEDIATE,27,32,15,60,1.381865382194519
211,4,INTERMEDIATE,28,32,15,60,1.3084356784820557
212,4,INTERMEDIATE,29,32,15,60,1.305859923362732
213,4,INTERMEDIATE,30,32,15,60,2.192755937576294
214,4,INTERMEDIATE,31,32,15,60,2.2915217876434326
215,4,INTERMEDIATE,32,32,15,60,2.051640272140503
216,4,INTERMEDIATE,33,32,15,60,1.9865456819534302
217,4,INTERMEDIATE,34,32,15,60,1.9284778833389282
218,4,INTERMEDIATE,35,32,15,60,1.8708009719848633
219,4,INTERMEDIATE,36,32,15,60,1.8165526390075684
220,4,INTERMEDIATE,37,32,15,60,1.7662529945373535
221,4,INTERMEDIATE,38,32,15,60,1.7192455530166626
222,4,INTERMEDIATE,39,32,15,60,1.6747030019760132
223,4,INTERMEDIATE,40,32,15,60,1.634597659111023
224,4,INTERMEDIATE,41,32,15,60,1.5977892875671387
225,4,INTERMEDIATE,42,32,15,60,1.5634547472000122
226,4,INTERMEDIATE,43,32,15,60,1.5319256782531738
227,4,INTERMEDIATE,44,32,15,60,1.503631591796875
228,4,COMPLETED,44,32,15,60,1.305859923362732
229,5,INTERMEDIATE,0,12,14,60,5.183241367340088
230,5,INTERMEDIATE,1,12,14,60,4.329638957977295
231,5,INTERMEDIATE,2,12,14,60,3.6946709156036377
232,5,INTERMEDIATE,3,12,14,60,3.0154857635498047
233,5,INTERMEDIATE,4,12,14,60,2.7902348041534424
234,5,INTERMEDIATE,5,12,14,60,2.583591938018799
235,5,INTERMEDIATE,6,12,14,60,2.9131057262420654
236,5,INTERMEDIATE,7,12,14,60,2.666084051132202
237,5,INTERMEDIATE,8,12,14,60,2.4793803691864014
238,5,INTERMEDIATE,9,12,14,60,2.2410311698913574
239,5,INTERMEDIATE,10,12,14,60,2.106377601623535
240,5,INTERMEDIATE,11,12,14,60,2.053149461746216
241,5,INTERMEDIATE,12,12,14,60,1.8671150207519531
242,5,INTERMEDIATE,13,12,14,60,1.555713176727295
243,5,INTERMEDIATE,14,12,14,60,1.3809932470321655
244,5,INTERMEDIATE,15,12,14,60,1.300021767616272
245,5,INTERMEDIATE,16,12,14,60,1.232954978942871
246,5,INTERMEDIATE,17,12,14,60,1.3702292442321777
247,5,INTERMEDIATE,18,12,14,60,1.2520331144332886
248,5,INTERMEDIATE,19,12,14,60,1.1704319715499878
249,5,INTERMEDIATE,20,12,14,60,1.1281399726867676
250,5,INTERMEDIATE,21,12,14,60,0.9268158078193665
251,5,INTERMEDIATE,22,12,14,60,1.1578336954116821
252,5,INTERMEDIATE,23,12,14,60,2.417607069015503
253,5,INTERMEDIATE,24,12,14,60,2.703387498855591
254,5,INTERMEDIATE,25,12,14,60,1.7410906553268433
255,5,INTERMEDIATE,26,12,14,60,1.503029465675354
256,5,INTERMEDIATE,27,12,14,60,1.3369951248168945
257,5,INTERMEDIATE,28,12,14,60,1.1716569662094116
258,5,INTERMEDIATE,29,12,14,60,1.6798533201217651
259,5,INTERMEDIATE,30,12,14,60,1.5027984380722046
260,5,INTERMEDIATE,31,12,14,60,1.4544543027877808
261,5,INTERMEDIATE,32,12,14,60,1.4170821905136108
262,5,INTERMEDIATE,33,12,14,60,1.3885822296142578
263,5,INTERMEDIATE,34,12,14,60,1.3838276863098145
264,5,INTERMEDIATE,35,12,14,60,1.367106556892395
265,5,INTERMEDIATE,36,12,14,60,1.3231216669082642
266,5,COMPLETED,36,12,14,60,0.9268158078193665
267,6,INTERMEDIATE,0,64,13,60,5.921492099761963
268,6,INTERMEDIATE,1,64,13,60,5.7050909996032715
269,6,INTERMEDIATE,2,64,13,60,5.496423244476318
270,6,INTERMEDIATE,3,64,13,60,5.287154197692871
271,6,INTERMEDIATE,4,64,13,60,5.072150230407715
272,6,INTERMEDIATE,5,64,13,60,4.849365234375
273,6,INTERMEDIATE,6,64,13,60,4.640103340148926
274,6,INTERMEDIATE,7,64,13,60,4.453200340270996
275,6,INTERMEDIATE,8,64,13,60,4.279036521911621
276,6,INTERMEDIATE,9,64,13,60,4.11885404586792
277,6,INTERMEDIATE,10,64,13,60,3.984783172607422
278,6,INTERMEDIATE,11,64,13,60,3.810415267944336
279,6,INTERMEDIATE,12,64,13,60,3.6689376831054688
280,6,INTERMEDIATE,13,64,13,60,3.584127426147461
281,6,INTERMEDIATE,14,64,13,60,3.4396426677703857
282,6,INTERMEDIATE,15,64,13,60,3.3213233947753906
283,6,INTERMEDIATE,16,64,13,60,3.207291841506958
284,6,INTERMEDIATE,17,64,13,60,3.005772352218628
285,6,INTERMEDIATE,18,64,13,60,2.837559461593628
286,6,INTERMEDIATE,19,64,13,60,2.7297632694244385
287,6,INTERMEDIATE,20,64,13,60,2.5362298488616943
288,6,INTERMEDIATE,21,64,13,60,2.4652600288391113
289,6,INTERMEDIATE,22,64,13,60,2.4124600887298584
290,6,INTERMEDIATE,23,64,13,60,2.3365094661712646
291,6,INTERMEDIATE,24,64,13,60,2.468902111053467
292,6,INTERMEDIATE,25,64,13,60,2.3993430137634277
293,6,INTERMEDIATE,26,64,13,60,2.256502151489258
294,6,INTERMEDIATE,27,64,13,60,2.198014736175537
295,6,INTERMEDIATE,28,64,13,60,2.162228584289551
296,6,INTERMEDIATE,29,64,13,60,2.1315622329711914
297,6,INTERMEDIATE,30,64,13,60,2.046534538269043
298,6,INTERMEDIATE,31,64,13,60,1.9026001691818237
299,6,INTERMEDIATE,32,64,13,60,1.8792158365249634
300,6,INTERMEDIATE,33,64,13,60,1.9004091024398804
301,6,INTERMEDIATE,34,64,13,60,1.9149689674377441
302,6,INTERMEDIATE,35,64,13,60,1.6767653226852417
303,6,INTERMEDIATE,36,64,13,60,1.6507563591003418
304,6,INTERMEDIATE,37,64,13,60,1.6515274047851562
305,6,INTERMEDIATE,38,64,13,60,1.7157554626464844
306,6,INTERMEDIATE,39,64,13,60,2.324401617050171
307,6,INTERMEDIATE,40,64,13,60,2.3052847385406494
308,6,INTERMEDIATE,41,64,13,60,2.255552291870117
309,6,INTERMEDIATE,42,64,13,60,2.186861038208008
310,6,INTERMEDIATE,43,64,13,60,2.112516403198242
311,6,INTERMEDIATE,44,64,13,60,2.0391647815704346
312,6,INTERMEDIATE,45,64,13,60,1.9779983758926392
313,6,INTERMEDIATE,46,64,13,60,1.9704608917236328
314,6,INTERMEDIATE,47,64,13,60,1.8989462852478027
315,6,INTERMEDIATE,48,64,13,60,1.8414684534072876
316,6,INTERMEDIATE,49,64,13,60,1.810335636138916
317,6,INTERMEDIATE,50,64,13,60,1.780147910118103
318,6,INTERMEDIATE,51,64,13,60,1.752062201499939
319,6,COMPLETED,51,64,13,60,1.6507563591003418
320,7,INTERMEDIATE,0,12,78,54,4.912398815155029
321,7,INTERMEDIATE,1,12,78,54,4.201539993286133
322,7,INTERMEDIATE,2,12,78,54,3.474665403366089
323,7,INTERMEDIATE,3,12,78,54,2.950322389602661
324,7,INTERMEDIATE,4,12,78,54,2.3696248531341553
325,7,INTERMEDIATE,5,12,78,54,2.1092350482940674
326,7,INTERMEDIATE,6,12,78,54,1.8793827295303345
327,7,INTERMEDIATE,7,12,78,54,1.612855315208435
328,7,INTERMEDIATE,8,12,78,54,1.483147144317627
329,7,INTERMEDIATE,9,12,78,54,1.5196713209152222
330,7,INTERMEDIATE,10,12,78,54,1.254894733428955
331,7,INTERMEDIATE,11,12,78,54,1.2344921827316284
332,7,INTERMEDIATE,12,12,78,54,1.0549794435501099
333,7,INTERMEDIATE,13,12,78,54,1.1923364400863647
334,7,INTERMEDIATE,14,12,78,54,1.029088020324707
335,7,INTERMEDIATE,15,12,78,54,1.6484445333480835
336,7,INTERMEDIATE,16,12,78,54,1.4141286611557007
337,7,INTERMEDIATE,17,12,78,54,1.187774896621704
338,7,INTERMEDIATE,18,12,78,54,1.0824185609817505
339,7,INTERMEDIATE,19,12,78,54,1.0087279081344604
340,7,INTERMEDIATE,20,12,78,54,0.9084219932556152
341,7,INTERMEDIATE,21,12,78,54,0.9346986413002014
342,7,INTERMEDIATE,22,12,78,54,0.8779261708259583
343,7,INTERMEDIATE,23,12,78,54,0.8561344146728516
344,7,INTERMEDIATE,24,12,78,54,0.8444409370422363
345,7,INTERMEDIATE,25,12,78,54,0.8685070872306824
346,7,INTERMEDIATE,26,12,78,54,0.788401186466217
347,7,INTERMEDIATE,27,12,78,54,0.7694433331489563
348,7,INTERMEDIATE,28,12,78,54,0.872908890247345
349,7,INTERMEDIATE,29,12,78,54,0.7941737174987793
350,7,INTERMEDIATE,30,12,78,54,1.7612231969833374
351,7,INTERMEDIATE,31,12,78,54,1.615447998046875
352,7,INTERMEDIATE,32,12,78,54,1.5227127075195312
353,7,INTERMEDIATE,33,12,78,54,1.4809521436691284
354,7,INTERMEDIATE,34,12,78,54,1.412757396697998
355,7,INTERMEDIATE,35,12,78,54,1.3609658479690552
356,7,INTERMEDIATE,36,12,78,54,1.3103054761886597
357,7,INTERMEDIATE,37,12,78,54,1.2353354692459106
358,7,INTERMEDIATE,38,12,78,54,1.1869382858276367
359,7,INTERMEDIATE,39,12,78,54,1.42105233669281
360,7,INTERMEDIATE,40,12,78,54,1.4003524780273438
361,7,INTERMEDIATE,41,12,78,54,1.3373550176620483
362,7,INTERMEDIATE,42,12,78,54,1.2996960878372192
363,7,COMPLETED,42,12,78,54,0.7694433331489563
364,8,INTERMEDIATE,0,12,78,53,4.7203898429870605
365,8,INTERMEDIATE,1,12,78,53,3.938380479812622
366,8,INTERMEDIATE,2,12,78,53,3.3329267501831055
367,8,INTERMEDIATE,3,12,78,53,2.9670469760894775
368,8,INTERMEDIATE,4,12,78,53,2.592231035232544
369,8,INTERMEDIATE,5,12,78,53,2.256110429763794
370,8,INTERMEDIATE,6,12,78,53,2.1313884258270264
371,8,INTERMEDIATE,7,12,78,53,1.831607699394226
372,8,INTERMEDIATE,8,12,78,53,1.649715781211853
373,8,INTERMEDIATE,9,12,78,53,1.9362009763717651
374,8,INTERMEDIATE,10,12,78,53,1.3883094787597656
375,8,INTERMEDIATE,11,12,78,53,1.3437961339950562
376,8,INTERMEDIATE,12,12,78,53,1.2321513891220093
377,8,INTERMEDIATE,13,12,78,53,1.1112104654312134
378,8,INTERMEDIATE,14,12,78,53,1.2265725135803223
379,8,INTERMEDIATE,15,12,78,53,1.1995419263839722
380,8,INTERMEDIATE,16,12,78,53,1.1088296175003052
381,8,INTERMEDIATE,17,12,78,53,1.1340221166610718
382,8,INTERMEDIATE,18,12,78,53,1.0589648485183716
383,8,INTERMEDIATE,19,12,78,53,0.9606221318244934
384,8,INTERMEDIATE,20,12,78,53,1.6738842725753784
385,8,INTERMEDIATE,21,12,78,53,1.5526632070541382
386,8,INTERMEDIATE,22,12,78,53,1.3339862823486328
387,8,INTERMEDIATE,23,12,78,53,1.193634033203125
388,8,INTERMEDIATE,24,12,78,53,1.058301568031311
389,8,INTERMEDIATE,25,12,78,53,1.0205148458480835
390,8,INTERMEDIATE,26,12,78,53,0.9068867564201355
391,8,INTERMEDIATE,27,12,78,53,0.928477942943573
392,8,INTERMEDIATE,28,12,78,53,0.8230383992195129
393,8,INTERMEDIATE,29,12,78,53,0.9853261113166809
394,8,INTERMEDIATE,30,12,78,53,0.9030635356903076
395,8,INTERMEDIATE,31,12,78,53,1.867303729057312
396,8,INTERMEDIATE,32,12,78,53,1.5485411882400513
397,8,INTERMEDIATE,33,12,78,53,1.3210759162902832
398,8,INTERMEDIATE,34,12,78,53,1.1828328371047974
399,8,INTERMEDIATE,35,12,78,53,0.9859665036201477
400,8,INTERMEDIATE,36,12,78,53,0.8528396487236023
401,8,INTERMEDIATE,37,12,78,53,0.7913885116577148
402,8,INTERMEDIATE,38,12,78,53,0.8300387263298035
403,8,INTERMEDIATE,39,12,78,53,0.842602550983429
404,8,INTERMEDIATE,40,12,78,53,0.7601369023323059
405,8,INTERMEDIATE,41,12,78,53,0.9513208270072937
406,8,INTERMEDIATE,42,12,78,53,0.7644565105438232
407,8,INTERMEDIATE,43,12,78,53,0.8001051545143127
408,8,INTERMEDIATE,44,12,78,53,0.7803515791893005
409,8,INTERMEDIATE,45,12,78,53,0.9180212616920471
410,8,INTERMEDIATE,46,12,78,53,0.8902673721313477
411,8,INTERMEDIATE,47,12,78,53,0.7345878481864929
412,8,INTERMEDIATE,48,12,78,53,0.6916351914405823
413,8,INTERMEDIATE,49,12,78,53,0.6810481548309326
414,8,INTERMEDIATE,50,12,78,53,0.6818605065345764
415,8,INTERMEDIATE,51,12,78,53,0.5359590649604797
416,8,INTERMEDIATE,52,12,78,53,0.6206781268119812
417,8,INTERMEDIATE,53,12,78,53,0.5854122042655945
418,8,INTERMEDIATE,54,12,78,53,0.6212854385375977
419,8,INTERMEDIATE,55,12,78,53,0.5905880928039551
420,8,INTERMEDIATE,56,12,78,53,0.6151466965675354
421,8,INTERMEDIATE,57,12,78,53,0.474569708108902
422,8,INTERMEDIATE,58,12,78,53,0.5705328583717346
423,8,INTERMEDIATE,59,12,78,53,0.7672463059425354
424,8,COMPLETED,59,12,78,53,0.474569708108902
425,9,INTERMEDIATE,0,12,77,53,4.7947773933410645
426,9,INTERMEDIATE,1,12,77,53,3.9753615856170654
427,9,INTERMEDIATE,2,12,77,53,3.1474361419677734
428,9,INTERMEDIATE,3,12,77,53,2.8279762268066406
429,9,INTERMEDIATE,4,12,77,53,2.514049768447876
430,9,INTERMEDIATE,5,12,77,53,2.485863447189331
431,9,INTERMEDIATE,6,12,77,53,2.1878907680511475
432,9,INTERMEDIATE,7,12,77,53,1.8449211120605469
433,9,INTERMEDIATE,8,12,77,53,1.8017350435256958
434,9,INTERMEDIATE,9,12,77,53,1.8878225088119507
435,9,INTERMEDIATE,10,12,77,53,1.8246545791625977
436,9,INTERMEDIATE,11,12,77,53,1.6118463277816772
437,9,INTERMEDIATE,12,12,77,53,1.625772476196289
438,9,INTERMEDIATE,13,12,77,53,1.560638427734375
439,9,INTERMEDIATE,14,12,77,53,1.7867034673690796
440,9,INTERMEDIATE,15,12,77,53,1.4527133703231812
441,9,INTERMEDIATE,16,12,77,53,1.4367889165878296
442,9,INTERMEDIATE,17,12,77,53,1.2460700273513794
443,9,INTERMEDIATE,18,12,77,53,1.137423038482666
444,9,INTERMEDIATE,19,12,77,53,1.0783300399780273
445,9,INTERMEDIATE,20,12,77,53,1.0540026426315308
446,9,INTERMEDIATE,21,12,77,53,1.031659483909607
447,9,INTERMEDIATE,22,12,77,53,1.129903793334961
448,9,INTERMEDIATE,23,12,77,53,1.1908568143844604
449,9,INTERMEDIATE,24,12,77,53,1.078338861465454
450,9,INTERMEDIATE,25,12,77,53,1.0391290187835693
451,9,INTERMEDIATE,26,12,77,53,1.0151646137237549
452,9,INTERMEDIATE,27,12,77,53,0.981377899646759
453,9,INTERMEDIATE,28,12,77,53,1.0359047651290894
454,9,INTERMEDIATE,29,12,77,53,1.053760051727295
455,9,INTERMEDIATE,30,12,77,53,0.9202081561088562
456,9,INTERMEDIATE,31,12,77,53,0.8805930018424988
457,9,INTERMEDIATE,32,12,77,53,0.8536671996116638
458,9,INTERMEDIATE,33,12,77,53,0.8364883065223694
459,9,INTERMEDIATE,34,12,77,53,0.797612190246582
460,9,INTERMEDIATE,35,12,77,53,0.7639628052711487
461,9,INTERMEDIATE,36,12,77,53,0.7603159546852112
462,9,INTERMEDIATE,37,12,77,53,0.7486293911933899
463,9,INTERMEDIATE,38,12,77,53,0.82442307472229
464,9,INTERMEDIATE,39,12,77,53,0.8105394244194031
465,9,INTERMEDIATE,40,12,77,53,0.9842513203620911
466,9,INTERMEDIATE,41,12,77,53,0.6574942469596863
467,9,INTERMEDIATE,42,12,77,53,1.183651328086853
468,9,INTERMEDIATE,43,12,77,53,1.0919605493545532
469,9,INTERMEDIATE,44,12,77,53,1.0051478147506714
470,9,INTERMEDIATE,45,12,77,53,0.9119314551353455
471,9,INTERMEDIATE,46,12,77,53,0.8147838115692139
472,9,INTERMEDIATE,47,12,77,53,0.8755440711975098
473,9,INTERMEDIATE,48,12,77,53,0.8932687640190125
474,9,INTERMEDIATE,49,12,77,53,0.8368400931358337
475,9,INTERMEDIATE,50,12,77,53,0.7856845855712891
476,9,INTERMEDIATE,51,12,77,53,0.7077440619468689
477,9,INTERMEDIATE,52,12,77,53,0.6703125834465027
478,9,INTERMEDIATE,53,12,77,53,0.615413248538971
479,9,INTERMEDIATE,54,12,77,53,0.6528858542442322
480,9,INTERMEDIATE,55,12,77,53,0.6223526000976562
481,9,INTERMEDIATE,56,12,77,53,0.6337643265724182
482,9,INTERMEDIATE,57,12,77,53,0.6758366227149963
483,9,INTERMEDIATE,58,12,77,53,0.7181645035743713
484,9,INTERMEDIATE,59,12,77,53,0.713371753692627
485,9,COMPLETED,59,12,77,53,0.615413248538971
486,10,INTERMEDIATE,0,12,78,52,4.7412590980529785
487,10,INTERMEDIATE,1,12,78,52,4.08491849899292
488,10,INTERMEDIATE,2,12,78,52,3.4094960689544678
489,10,INTERMEDIATE,3,12,78,52,2.7157223224639893
490,10,INTERMEDIATE,4,12,78,52,2.4429128170013428
491,10,INTERMEDIATE,5,12,78,52,1.9917612075805664
492,10,INTERMEDIATE,6,12,78,52,1.768845558166504
493,10,INTERMEDIATE,7,12,78,52,1.7020419836044312
494,10,INTERMEDIATE,8,12,78,52,2.143338680267334
495,10,INTERMEDIATE,9,12,78,52,2.014631509780884
496,10,INTERMEDIATE,10,12,78,52,1.92805016040802
497,10,INTERMEDIATE,11,12,78,52,1.7729724645614624
498,10,INTERMEDIATE,12,12,78,52,1.6451067924499512
499,10,INTERMEDIATE,13,12,78,52,1.6022791862487793
500,10,INTERMEDIATE,14,12,78,52,1.4618209600448608
501,10,INTERMEDIATE,15,12,78,52,1.4483537673950195
502,10,INTERMEDIATE,16,12,78,52,1.3936939239501953
503,10,INTERMEDIATE,17,12,78,52,1.4192967414855957
504,10,INTERMEDIATE,18,12,78,52,1.4312845468521118
505,10,INTERMEDIATE,19,12,78,52,1.6286906003952026
506,10,INTERMEDIATE,20,12,78,52,1.494386076927185
507,10,INTERMEDIATE,21,12,78,52,1.402706265449524
508,10,INTERMEDIATE,22,12,78,52,1.3390356302261353
509,10,INTERMEDIATE,23,12,78,52,1.2724097967147827
510,10,INTERMEDIATE,24,12,78,52,1.1956751346588135
511,10,INTERMEDIATE,25,12,78,52,1.1276001930236816
512,10,INTERMEDIATE,26,12,78,52,1.0949807167053223
513,10,INTERMEDIATE,27,12,78,52,1.0481339693069458
514,10,INTERMEDIATE,28,12,78,52,1.0538009405136108
515,10,INTERMEDIATE,29,12,78,52,1.0027754306793213
516,10,INTERMEDIATE,30,12,78,52,0.9410704970359802
517,10,INTERMEDIATE,31,12,78,52,0.912522554397583
518,10,INTERMEDIATE,32,12,78,52,0.9483190178871155
519,10,INTERMEDIATE,33,12,78,52,0.8841240406036377
520,10,INTERMEDIATE,34,12,78,52,0.842381477355957
521,10,INTERMEDIATE,35,12,78,52,1.0440558195114136
522,10,INTERMEDIATE,36,12,78,52,0.8787195086479187
523,10,INTERMEDIATE,37,12,78,52,0.7762563824653625
524,10,INTERMEDIATE,38,12,78,52,0.7311756014823914
525,10,INTERMEDIATE,39,12,78,52,0.7947919964790344
526,10,INTERMEDIATE,40,12,78,52,0.8359327912330627
527,10,INTERMEDIATE,41,12,78,52,0.7341915965080261
528,10,INTERMEDIATE,42,12,78,52,0.6860811710357666
529,10,INTERMEDIATE,43,12,78,52,2.8953752517700195
530,10,INTERMEDIATE,44,12,78,52,1.9215167760849
531,10,INTERMEDIATE,45,12,78,52,1.8360223770141602
532,10,INTERMEDIATE,46,12,78,52,1.695299506187439
533,10,INTERMEDIATE,47,12,78,52,1.591965675354004
534,10,INTERMEDIATE,48,12,78,52,1.5247007608413696
535,10,INTERMEDIATE,49,12,78,52,1.4643977880477905
536,10,INTERMEDIATE,50,12,78,52,1.431052565574646
537,10,INTERMEDIATE,51,12,78,52,1.382880687713623
538,10,INTERMEDIATE,52,12,78,52,1.3632479906082153
539,10,INTERMEDIATE,53,12,78,52,1.3137688636779785
540,10,INTERMEDIATE,54,12,78,52,1.2746707201004028
541,10,INTERMEDIATE,55,12,78,52,1.240597128868103
542,10,INTERMEDIATE,56,12,78,52,1.1611348390579224
543,10,INTERMEDIATE,57,12,78,52,0.8910090923309326
544,10,COMPLETED,57,12,78,52,0.6860811710357666
545,11,INTERMEDIATE,0,32,78,53,5.141419410705566
546,11,INTERMEDIATE,1,32,78,53,4.800679683685303
547,11,INTERMEDIATE,2,32,78,53,4.455121994018555
548,11,INTERMEDIATE,3,32,78,53,4.077625274658203
549,11,INTERMEDIATE,4,32,78,53,3.670018196105957
550,11,INTERMEDIATE,5,32,78,53,3.2598114013671875
551,11,INTERMEDIATE,6,32,78,53,3.1122398376464844
552,11,INTERMEDIATE,7,32,78,53,3.5210113525390625
553,11,INTERMEDIATE,8,32,78,53,2.966066360473633
554,11,INTERMEDIATE,9,32,78,53,2.7557737827301025
555,11,INTERMEDIATE,10,32,78,53,2.55399489402771
556,11,INTERMEDIATE,11,32,78,53,2.3729770183563232
557,11,INTERMEDIATE,12,32,78,53,2.1397154331207275
558,11,INTERMEDIATE,13,32,78,53,1.9415254592895508
559,11,INTERMEDIATE,14,32,78,53,1.783424735069275
560,11,INTERMEDIATE,15,32,78,53,1.7715829610824585
561,11,INTERMEDIATE,16,32,78,53,1.6520166397094727
562,11,INTERMEDIATE,17,32,78,53,1.7059326171875
563,11,INTERMEDIATE,18,32,78,53,1.622261881828308
564,11,INTERMEDIATE,19,32,78,53,1.4846504926681519
565,11,INTERMEDIATE,20,32,78,53,1.4793812036514282
566,11,INTERMEDIATE,21,32,78,53,1.5525459051132202
567,11,INTERMEDIATE,22,32,78,53,1.2908177375793457
568,11,INTERMEDIATE,23,32,78,53,1.3338079452514648
569,11,INTERMEDIATE,24,32,78,53,1.5463546514511108
570,11,INTERMEDIATE,25,32,78,53,1.6215592622756958
571,11,INTERMEDIATE,26,32,78,53,1.5775600671768188
572,11,INTERMEDIATE,27,32,78,53,1.500309944152832
573,11,INTERMEDIATE,28,32,78,53,1.4140764474868774
574,11,INTERMEDIATE,29,32,78,53,1.340150237083435
575,11,INTERMEDIATE,30,32,78,53,1.2763997316360474
576,11,INTERMEDIATE,31,32,78,53,1.2418111562728882
577,11,INTERMEDIATE,32,32,78,53,1.230891466140747
578,11,INTERMEDIATE,33,32,78,53,1.206466794013977
579,11,INTERMEDIATE,34,32,78,53,1.164211630821228
580,11,INTERMEDIATE,35,32,78,53,1.1196879148483276
581,11,INTERMEDIATE,36,32,78,53,1.0647740364074707
582,11,INTERMEDIATE,37,32,78,53,1.0991970300674438
583,11,INTERMEDIATE,38,32,78,53,1.1154125928878784
584,11,INTERMEDIATE,39,32,78,53,1.0292080640792847
585,11,INTERMEDIATE,40,32,78,53,0.9922969937324524
586,11,INTERMEDIATE,41,32,78,53,0.9665243625640869
587,11,INTERMEDIATE,42,32,78,53,0.9747465252876282
588,11,INTERMEDIATE,43,32,78,53,0.8935074806213379
589,11,INTERMEDIATE,44,32,78,53,0.8407812118530273
590,11,INTERMEDIATE,45,32,78,53,0.9115508198738098
591,11,INTERMEDIATE,46,32,78,53,0.8538880348205566
592,11,INTERMEDIATE,47,32,78,53,0.8434846997261047
593,11,INTERMEDIATE,48,32,78,53,0.8007437586784363
594,11,INTERMEDIATE,49,32,78,53,0.7991278767585754
595,11,INTERMEDIATE,50,32,78,53,0.832050621509552
596,11,INTERMEDIATE,51,32,78,53,0.8340621590614319
597,11,INTERMEDIATE,52,32,78,53,0.8323162198066711
598,11,INTERMEDIATE,53,32,78,53,0.8260650038719177
599,11,INTERMEDIATE,54,32,78,53,0.8048623204231262
600,11,INTERMEDIATE,55,32,78,53,0.7850216031074524
601,11,INTERMEDIATE,56,32,78,53,0.7729413509368896
602,11,INTERMEDIATE,57,32,78,53,1.0004091262817383
603,11,INTERMEDIATE,58,32,78,53,1.121192455291748
604,11,INTERMEDIATE,59,32,78,53,1.0664705038070679
605,11,COMPLETED,59,32,78,53,0.7729413509368896
606,12,INTERMEDIATE,0,12,79,53,4.760326385498047
607,12,INTERMEDIATE,1,12,79,53,4.060092926025391
608,12,INTERMEDIATE,2,12,79,53,3.140528917312622
609,12,INTERMEDIATE,3,12,79,53,3.215376615524292
610,12,INTERMEDIATE,4,12,79,53,3.1151201725006104
611,12,INTERMEDIATE,5,12,79,53,2.918107748031616
612,12,INTERMEDIATE,6,12,79,53,2.7337703704833984
613,12,INTERMEDIATE,7,12,79,53,2.5862770080566406
614,12,INTERMEDIATE,8,12,79,53,2.427393913269043
615,12,INTERMEDIATE,9,12,79,53,2.336440324783325
616,12,INTERMEDIATE,10,12,79,53,2.3162930011749268
617,12,INTERMEDIATE,11,12,79,53,2.407865047454834
618,12,INTERMEDIATE,12,12,79,53,1.9597734212875366
619,12,INTERMEDIATE,13,12,79,53,1.953048825263977
620,12,INTERMEDIATE,14,12,79,53,1.7868409156799316
621,12,INTERMEDIATE,15,12,79,53,1.751226782798767
622,12,INTERMEDIATE,16,12,79,53,1.7259098291397095
623,12,INTERMEDIATE,17,12,79,53,1.634775161743164
624,12,INTERMEDIATE,18,12,79,53,1.6045669317245483
625,12,INTERMEDIATE,19,12,79,53,1.5371776819229126
626,12,INTERMEDIATE,20,12,79,53,1.6613386869430542
627,12,INTERMEDIATE,21,12,79,53,1.6110843420028687
628,12,INTERMEDIATE,22,12,79,53,1.4950417280197144
629,12,INTERMEDIATE,23,12,79,53,1.3107409477233887
630,12,INTERMEDIATE,24,12,79,53,1.3348745107650757
631,12,INTERMEDIATE,25,12,79,53,1.2523643970489502
632,12,INTERMEDIATE,26,12,79,53,1.2314344644546509
633,12,INTERMEDIATE,27,12,79,53,1.2472834587097168
634,12,INTERMEDIATE,28,12,79,53,1.3856730461120605
635,12,INTERMEDIATE,29,12,79,53,1.3489669561386108
636,12,INTERMEDIATE,30,12,79,53,1.2947120666503906
637,12,INTERMEDIATE,31,12,79,53,1.11549973487854
638,12,INTERMEDIATE,32,12,79,53,1.1185472011566162
639,12,INTERMEDIATE,33,12,79,53,1.0165282487869263
640,12,INTERMEDIATE,34,12,79,53,0.9979246258735657
641,12,INTERMEDIATE,35,12,79,53,0.9696676135063171
642,12,INTERMEDIATE,36,12,79,53,0.9351995587348938
643,12,INTERMEDIATE,37,12,79,53,0.7668167948722839
644,12,INTERMEDIATE,38,12,79,53,1.3579450845718384
645,12,INTERMEDIATE,39,12,79,53,1.0035761594772339
646,12,INTERMEDIATE,40,12,79,53,0.9950330853462219
647,12,INTERMEDIATE,41,12,79,53,0.8460447192192078
648,12,INTERMEDIATE,42,12,79,53,0.828746497631073
649,12,INTERMEDIATE,43,12,79,53,0.7641334533691406
650,12,INTERMEDIATE,44,12,79,53,0.6710742115974426
651,12,INTERMEDIATE,45,12,79,53,0.64010089635849
652,12,INTERMEDIATE,46,12,79,53,0.6496762037277222
653,12,INTERMEDIATE,47,12,79,53,0.6981678605079651
654,12,INTERMEDIATE,48,12,79,53,0.6996539235115051
655,12,INTERMEDIATE,49,12,79,53,0.6932644248008728
656,12,INTERMEDIATE,50,12,79,53,0.7121904492378235
657,12,INTERMEDIATE,51,12,79,53,0.8616765141487122
658,12,INTERMEDIATE,52,12,79,53,0.8245365619659424
659,12,INTERMEDIATE,53,12,79,53,0.5292035937309265
660,12,INTERMEDIATE,54,12,79,53,0.755438506603241
661,12,INTERMEDIATE,55,12,79,53,0.8989827632904053
662,12,INTERMEDIATE,56,12,79,53,0.6063314080238342
663,12,INTERMEDIATE,57,12,79,53,0.5291169285774231
664,12,INTERMEDIATE,58,12,79,53,0.4979090690612793
665,12,INTERMEDIATE,59,12,79,53,0.4785311222076416
666,12,COMPLETED,59,12,79,53,0.4785311222076416
667,13,INTERMEDIATE,0,12,81,53,4.73447322845459
668,13,INTERMEDIATE,1,12,81,53,3.9494822025299072
669,13,INTERMEDIATE,2,12,81,53,3.287846565246582
670,13,INTERMEDIATE,3,12,81,53,3.244924545288086
671,13,INTERMEDIATE,4,12,81,53,2.8367059230804443
672,13,INTERMEDIATE,5,12,81,53,2.513899087905884
673,13,INTERMEDIATE,6,12,81,53,2.2048532962799072
674,13,INTERMEDIATE,7,12,81,53,1.9648605585098267
675,13,INTERMEDIATE,8,12,81,53,2.65661883354187
676,13,INTERMEDIATE,9,12,81,53,2.188444137573242
677,13,INTERMEDIATE,10,12,81,53,1.9186105728149414
678,13,INTERMEDIATE,11,12,81,53,1.7200332880020142
679,13,INTERMEDIATE,12,12,81,53,1.5741592645645142
680,13,INTERMEDIATE,13,12,81,53,1.4824409484863281
681,13,INTERMEDIATE,14,12,81,53,1.3219014406204224
682,13,INTERMEDIATE,15,12,81,53,1.3625802993774414
683,13,INTERMEDIATE,16,12,81,53,1.3478941917419434
684,13,INTERMEDIATE,17,12,81,53,1.408880591392517
685,13,INTERMEDIATE,18,12,81,53,1.2804802656173706
686,13,INTERMEDIATE,19,12,81,53,1.1821399927139282
687,13,INTERMEDIATE,20,12,81,53,1.028788685798645
688,13,INTERMEDIATE,21,12,81,53,1.4103766679763794
689,13,INTERMEDIATE,22,12,81,53,1.4584569931030273
690,13,INTERMEDIATE,23,12,81,53,1.148184895515442
691,13,INTERMEDIATE,24,12,81,53,1.0771127939224243
692,13,INTERMEDIATE,25,12,81,53,1.1573395729064941
693,13,INTERMEDIATE,26,12,81,53,1.1645554304122925
694,13,INTERMEDIATE,27,12,81,53,1.0087710618972778
695,13,INTERMEDIATE,28,12,81,53,0.9706445336341858
696,13,INTERMEDIATE,29,12,81,53,1.0294359922409058
697,13,INTERMEDIATE,30,12,81,53,0.9913274645805359
698,13,INTERMEDIATE,31,12,81,53,0.9026523232460022
699,13,INTERMEDIATE,32,12,81,53,0.881533145904541
700,13,INTERMEDIATE,33,12,81,53,0.8523063063621521
701,13,INTERMEDIATE,34,12,81,53,0.8645945191383362
702,13,INTERMEDIATE,35,12,81,53,1.115608811378479
703,13,INTERMEDIATE,36,12,81,53,0.8848721385002136
704,13,INTERMEDIATE,37,12,81,53,0.8191267848014832
705,13,INTERMEDIATE,38,12,81,53,0.8270452618598938
706,13,INTERMEDIATE,39,12,81,53,0.820385754108429
707,13,INTERMEDIATE,40,12,81,53,0.7999275326728821
708,13,INTERMEDIATE,41,12,81,53,0.7888206839561462
709,13,INTERMEDIATE,42,12,81,53,0.7678772807121277
710,13,INTERMEDIATE,43,12,81,53,0.7470309138298035
711,13,INTERMEDIATE,44,12,81,53,0.7953217029571533
712,13,INTERMEDIATE,45,12,81,53,0.8818814158439636
713,13,INTERMEDIATE,46,12,81,53,0.777857780456543
714,13,INTERMEDIATE,47,12,81,53,0.5995997786521912
715,13,INTERMEDIATE,48,12,81,53,0.6582656502723694
716,13,INTERMEDIATE,49,12,81,53,0.9455530047416687
717,13,INTERMEDIATE,50,12,81,53,0.7076231837272644
718,13,INTERMEDIATE,51,12,81,53,0.5276811718940735
719,13,INTERMEDIATE,52,12,81,53,0.5334238409996033
720,13,INTERMEDIATE,53,12,81,53,0.5512163043022156
721,13,INTERMEDIATE,54,12,81,53,0.5195568203926086
722,13,INTERMEDIATE,55,12,81,53,0.5466273427009583
723,13,INTERMEDIATE,56,12,81,53,2.044640302658081
724,13,INTERMEDIATE,57,12,81,53,1.0041426420211792
725,13,INTERMEDIATE,58,12,81,53,0.813287079334259
726,13,INTERMEDIATE,59,12,81,53,0.646897554397583
727,13,COMPLETED,59,12,81,53,0.5195568203926086
728,14,INTERMEDIATE,0,12,84,50,4.618309020996094
729,14,INTERMEDIATE,1,12,84,50,3.8862335681915283
730,14,INTERMEDIATE,2,12,84,50,3.2360925674438477
731,14,INTERMEDIATE,3,12,84,50,2.878221273422241
732,14,INTERMEDIATE,4,12,84,50,2.715320348739624
733,14,INTERMEDIATE,5,12,84,50,2.3832108974456787
734,14,INTERMEDIATE,6,12,84,50,2.3524675369262695
735,14,INTERMEDIATE,7,12,84,50,2.0922656059265137
736,14,INTERMEDIATE,8,12,84,50,1.9676979780197144
737,14,INTERMEDIATE,9,12,84,50,2.4154112339019775
738,14,INTERMEDIATE,10,12,84,50,1.7409735918045044
739,14,INTERMEDIATE,11,12,84,50,1.60546875
740,14,INTERMEDIATE,12,12,84,50,1.6179866790771484
741,14,INTERMEDIATE,13,12,84,50,1.6873050928115845
742,14,INTERMEDIATE,14,12,84,50,1.4535404443740845
743,14,INTERMEDIATE,15,12,84,50,1.307334065437317
744,14,INTERMEDIATE,16,12,84,50,1.3948801755905151
745,14,INTERMEDIATE,17,12,84,50,1.264733910560608
746,14,INTERMEDIATE,18,12,84,50,1.256203532218933
747,14,INTERMEDIATE,19,12,84,50,1.216004729270935
748,14,INTERMEDIATE,20,12,84,50,1.1161357164382935
749,14,INTERMEDIATE,21,12,84,50,0.9818999171257019
750,14,INTERMEDIATE,22,12,84,50,0.8759840130805969
751,14,INTERMEDIATE,23,12,84,50,0.8116076588630676
752,14,INTERMEDIATE,24,12,84,50,1.0722359418869019
753,14,INTERMEDIATE,25,12,84,50,1.3006322383880615
754,14,INTERMEDIATE,26,12,84,50,1.0300464630126953
755,14,INTERMEDIATE,27,12,84,50,0.9109456539154053
756,14,INTERMEDIATE,28,12,84,50,0.7682163119316101
757,14,INTERMEDIATE,29,12,84,50,0.9421369433403015
758,14,INTERMEDIATE,30,12,84,50,0.8732094764709473
759,14,INTERMEDIATE,31,12,84,50,0.6470604538917542
760,14,INTERMEDIATE,32,12,84,50,0.6078906059265137
761,14,INTERMEDIATE,33,12,84,50,0.8815388679504395
762,14,INTERMEDIATE,34,12,84,50,0.9953200221061707
763,14,INTERMEDIATE,35,12,84,50,0.6640405058860779
764,14,INTERMEDIATE,36,12,84,50,0.5675852298736572
765,14,INTERMEDIATE,37,12,84,50,0.5263493061065674
766,14,INTERMEDIATE,38,12,84,50,0.6015514731407166
767,14,INTERMEDIATE,39,12,84,50,0.5833170413970947
768,14,INTERMEDIATE,40,12,84,50,0.5617498755455017
769,14,INTERMEDIATE,41,12,84,50,0.5492705702781677
770,14,INTERMEDIATE,42,12,84,50,0.46526849269866943
771,14,INTERMEDIATE,43,12,84,50,1.041359782218933
772,14,INTERMEDIATE,44,12,84,50,0.9006342887878418
773,14,INTERMEDIATE,45,12,84,50,0.8004907965660095
774,14,INTERMEDIATE,46,12,84,50,0.7562413215637207
775,14,INTERMEDIATE,47,12,84,50,0.6972379684448242
776,14,INTERMEDIATE,48,12,84,50,0.5813800096511841
777,14,INTERMEDIATE,49,12,84,50,0.4689393937587738
778,14,INTERMEDIATE,50,12,84,50,0.41512584686279297
779,14,INTERMEDIATE,51,12,84,50,0.3811371624469757
780,14,INTERMEDIATE,52,12,84,50,0.3605169355869293
781,14,INTERMEDIATE,53,12,84,50,0.3438661992549896
782,14,INTERMEDIATE,54,12,84,50,0.329208105802536
783,14,INTERMEDIATE,55,12,84,50,0.3169778883457184
784,14,INTERMEDIATE,56,12,84,50,0.31136801838874817
785,14,INTERMEDIATE,57,12,84,50,0.3267815113067627
786,14,INTERMEDIATE,58,12,84,50,0.3238295912742615
787,14,INTERMEDIATE,59,12,84,50,0.33979853987693787
788,14,COMPLETED,59,12,84,50,0.31136801838874817
789,15,INTERMEDIATE,0,12,87,48,4.4372076988220215
790,15,INTERMEDIATE,1,12,87,48,3.744858980178833
791,15,INTERMEDIATE,2,12,87,48,3.1227242946624756
792,15,INTERMEDIATE,3,12,87,48,2.7073984146118164
793,15,INTERMEDIATE,4,12,87,48,2.6498324871063232
794,15,INTERMEDIATE,5,12,87,48,2.2007553577423096
795,15,INTERMEDIATE,6,12,87,48,2.0855987071990967
796,15,INTERMEDIATE,7,12,87,48,1.9825307130813599
797,15,INTERMEDIATE,8,12,87,48,1.9728282690048218
798,15,INTERMEDIATE,9,12,87,48,1.9112313985824585
799,15,INTERMEDIATE,10,12,87,48,1.687748908996582
800,15,INTERMEDIATE,11,12,87,48,1.5726550817489624
801,15,INTERMEDIATE,12,12,87,48,1.5237693786621094
802,15,INTERMEDIATE,13,12,87,48,1.5575968027114868
803,15,INTERMEDIATE,14,12,87,48,1.4138644933700562
804,15,INTERMEDIATE,15,12,87,48,1.2900946140289307
805,15,INTERMEDIATE,16,12,87,48,1.1898165941238403
806,15,INTERMEDIATE,17,12,87,48,1.2899881601333618
807,15,INTERMEDIATE,18,12,87,48,1.1858540773391724
808,15,INTERMEDIATE,19,12,87,48,1.238306999206543
809,15,INTERMEDIATE,20,12,87,48,1.463895320892334
810,15,INTERMEDIATE,21,12,87,48,1.2608085870742798
811,15,INTERMEDIATE,22,12,87,48,1.1078373193740845
812,15,INTERMEDIATE,23,12,87,48,1.0083922147750854
813,15,INTERMEDIATE,24,12,87,48,0.9577193260192871
814,15,INTERMEDIATE,25,12,87,48,0.9022842049598694
815,15,INTERMEDIATE,26,12,87,48,0.8877465724945068
816,15,INTERMEDIATE,27,12,87,48,0.8597872257232666
817,15,INTERMEDIATE,28,12,87,48,0.8361542820930481
818,15,INTERMEDIATE,29,12,87,48,0.7563943862915039
819,15,INTERMEDIATE,30,12,87,48,0.9763478636741638
820,15,INTERMEDIATE,31,12,87,48,0.7349544167518616
821,15,INTERMEDIATE,32,12,87,48,1.1466209888458252
822,15,INTERMEDIATE,33,12,87,48,1.1783493757247925
823,15,INTERMEDIATE,34,12,87,48,0.820655345916748
824,15,INTERMEDIATE,35,12,87,48,0.7907161712646484
825,15,INTERMEDIATE,36,12,87,48,0.7026290893554688
826,15,INTERMEDIATE,37,12,87,48,0.6583709716796875
827,15,INTERMEDIATE,38,12,87,48,1.0205527544021606
828,15,INTERMEDIATE,39,12,87,48,0.8951842188835144
829,15,INTERMEDIATE,40,12,87,48,0.7877445220947266
830,15,INTERMEDIATE,41,12,87,48,0.6303628087043762
831,15,INTERMEDIATE,42,12,87,48,0.7284011840820312
832,15,INTERMEDIATE,43,12,87,48,0.8878366947174072
833,15,INTERMEDIATE,44,12,87,48,0.6978548169136047
834,15,INTERMEDIATE,45,12,87,48,0.6590778827667236
835,15,INTERMEDIATE,46,12,87,48,0.7710204124450684
836,15,INTERMEDIATE,47,12,87,48,0.6556076407432556
837,15,INTERMEDIATE,48,12,87,48,0.5936679840087891
838,15,INTERMEDIATE,49,12,87,48,0.5861898064613342
839,15,INTERMEDIATE,50,12,87,48,0.5357065796852112
840,15,INTERMEDIATE,51,12,87,48,0.5171577334403992
841,15,INTERMEDIATE,52,12,87,48,0.500690758228302
842,15,INTERMEDIATE,53,12,87,48,0.48554590344429016
843,15,INTERMEDIATE,54,12,87,48,0.47119855880737305
844,15,INTERMEDIATE,55,12,87,48,0.4588771164417267
845,15,INTERMEDIATE,56,12,87,48,0.44938549399375916
846,15,INTERMEDIATE,57,12,87,48,0.43554580211639404
847,15,INTERMEDIATE,58,12,87,48,0.4248943030834198
848,15,INTERMEDIATE,59,12,87,48,0.4286121428012848
849,15,COMPLETED,59,12,87,48,0.4248943030834198
850,16,INTERMEDIATE,0,12,83,45,4.316737651824951
851,16,INTERMEDIATE,1,12,83,45,3.6902201175689697
852,16,INTERMEDIATE,2,12,83,45,3.1359825134277344
853,16,INTERMEDIATE,3,12,83,45,2.7084293365478516
854,16,INTERMEDIATE,4,12,83,45,2.3157684803009033
855,16,INTERMEDIATE,5,12,83,45,2.293590784072876
856,16,INTERMEDIATE,6,12,83,45,2.095183849334717
857,16,INTERMEDIATE,7,12,83,45,1.9167343378067017
858,16,INTERMEDIATE,8,12,83,45,1.7170857191085815
859,16,INTERMEDIATE,9,12,83,45,1.660140037536621
860,16,INTERMEDIATE,10,12,83,45,1.5852981805801392
861,16,INTERMEDIATE,11,12,83,45,1.4949380159378052
862,16,INTERMEDIATE,12,12,83,45,1.5081982612609863
863,16,INTERMEDIATE,13,12,83,45,1.3591047525405884
864,16,INTERMEDIATE,14,12,83,45,1.2686017751693726
865,16,INTERMEDIATE,15,12,83,45,1.0577151775360107
866,16,INTERMEDIATE,16,12,83,45,0.968015730381012
867,16,INTERMEDIATE,17,12,83,45,0.8874702453613281
868,16,INTERMEDIATE,18,12,83,45,0.9293330311775208
869,16,INTERMEDIATE,19,12,83,45,1.1450780630111694
870,16,INTERMEDIATE,20,12,83,45,1.0065467357635498
871,16,INTERMEDIATE,21,12,83,45,0.7762263417243958
872,16,INTERMEDIATE,22,12,83,45,0.7481524348258972
873,16,INTERMEDIATE,23,12,83,45,1.7738113403320312
874,16,INTERMEDIATE,24,12,83,45,1.2520461082458496
875,16,INTERMEDIATE,25,12,83,45,1.0399420261383057
876,16,INTERMEDIATE,26,12,83,45,0.8980057835578918
877,16,INTERMEDIATE,27,12,83,45,0.8387763500213623
878,16,INTERMEDIATE,28,12,83,45,0.9099863171577454
879,16,INTERMEDIATE,29,12,83,45,1.4330707788467407
880,16,INTERMEDIATE,30,12,83,45,1.1221214532852173
881,16,INTERMEDIATE,31,12,83,45,1.0261286497116089
882,16,INTERMEDIATE,32,12,83,45,0.9875485897064209
883,16,INTERMEDIATE,33,12,83,45,0.9553090929985046
884,16,INTERMEDIATE,34,12,83,45,0.9178321361541748
885,16,INTERMEDIATE,35,12,83,45,0.8818252086639404
886,16,INTERMEDIATE,36,12,83,45,0.849799394607544
887,16,INTERMEDIATE,37,12,83,45,0.814145028591156
888,16,COMPLETED,37,12,83,45,0.7481524348258972
889,17,INTERMEDIATE,0,12,88,53,4.786808490753174
890,17,INTERMEDIATE,1,12,88,53,4.023446559906006
891,17,INTERMEDIATE,2,12,88,53,3.229679822921753
892,17,INTERMEDIATE,3,12,88,53,2.8288543224334717
893,17,INTERMEDIATE,4,12,88,53,2.557790756225586
894,17,INTERMEDIATE,5,12,88,53,2.193378210067749
895,17,INTERMEDIATE,6,12,88,53,1.9901741743087769
896,17,INTERMEDIATE,7,12,88,53,1.8943198919296265
897,17,INTERMEDIATE,8,12,88,53,1.6996294260025024
898,17,INTERMEDIATE,9,12,88,53,1.6128549575805664
899,17,INTERMEDIATE,10,12,88,53,1.7353490591049194
900,17,INTERMEDIATE,11,12,88,53,1.4832202196121216
901,17,INTERMEDIATE,12,12,88,53,1.2983590364456177
902,17,INTERMEDIATE,13,12,88,53,1.1954078674316406
903,17,INTERMEDIATE,14,12,88,53,1.0807592868804932
904,17,INTERMEDIATE,15,12,88,53,1.0829256772994995
905,17,INTERMEDIATE,16,12,88,53,0.9528207182884216
906,17,INTERMEDIATE,17,12,88,53,1.5910100936889648
907,17,INTERMEDIATE,18,12,88,53,1.1423349380493164
908,17,INTERMEDIATE,19,12,88,53,0.9957916140556335
909,17,INTERMEDIATE,20,12,88,53,0.9986713528633118
910,17,INTERMEDIATE,21,12,88,53,1.2709555625915527
911,17,INTERMEDIATE,22,12,88,53,1.1422456502914429
912,17,INTERMEDIATE,23,12,88,53,1.0182267427444458
913,17,INTERMEDIATE,24,12,88,53,0.898057758808136
914,17,INTERMEDIATE,25,12,88,53,0.8809888958930969
915,17,INTERMEDIATE,26,12,88,53,0.8156113624572754
916,17,INTERMEDIATE,27,12,88,53,0.7868216037750244
917,17,INTERMEDIATE,28,12,88,53,0.8036488890647888
918,17,INTERMEDIATE,29,12,88,53,0.7715350985527039
919,17,INTERMEDIATE,30,12,88,53,0.7161504626274109
920,17,INTERMEDIATE,31,12,88,53,0.6940729022026062
921,17,INTERMEDIATE,32,12,88,53,0.8720958828926086
922,17,INTERMEDIATE,33,12,88,53,0.794093132019043
923,17,INTERMEDIATE,34,12,88,53,0.6203945875167847
924,17,INTERMEDIATE,35,12,88,53,0.6030011773109436
925,17,INTERMEDIATE,36,12,88,53,0.5621945261955261
926,17,INTERMEDIATE,37,12,88,53,0.5250443816184998
927,17,INTERMEDIATE,38,12,88,53,0.5506930947303772
928,17,INTERMEDIATE,39,12,88,53,0.65516597032547
929,17,INTERMEDIATE,40,12,88,53,0.7186576724052429
930,17,INTERMEDIATE,41,12,88,53,0.6628503203392029
931,17,INTERMEDIATE,42,12,88,53,0.6711506843566895
932,17,INTERMEDIATE,43,12,88,53,0.6574588418006897
933,17,INTERMEDIATE,44,12,88,53,0.5819714665412903
934,17,INTERMEDIATE,45,12,88,53,0.5511209964752197
935,17,INTERMEDIATE,46,12,88,53,0.570957601070404
936,17,INTERMEDIATE,47,12,88,53,0.5097336769104004
937,17,INTERMEDIATE,48,12,88,53,0.4963022470474243
938,17,INTERMEDIATE,49,12,88,53,0.4908996522426605
939,17,INTERMEDIATE,50,12,88,53,0.4754267632961273
940,17,INTERMEDIATE,51,12,88,53,0.4600212574005127
941,17,INTERMEDIATE,52,12,88,53,0.9484734535217285
942,17,INTERMEDIATE,53,12,88,53,0.715081512928009
943,17,INTERMEDIATE,54,12,88,53,0.5576379895210266
944,17,INTERMEDIATE,55,12,88,53,0.5288757085800171
945,17,INTERMEDIATE,56,12,88,53,0.45253148674964905
946,17,INTERMEDIATE,57,12,88,53,0.8538684844970703
947,17,INTERMEDIATE,58,12,88,53,0.7059524655342102
948,17,INTERMEDIATE,59,12,88,53,0.6662788987159729
949,17,COMPLETED,59,12,88,53,0.45253148674964905
950,18,INTERMEDIATE,0,12,87,52,4.681337356567383
951,18,INTERMEDIATE,1,12,87,52,3.9442574977874756
952,18,INTERMEDIATE,2,12,87,52,3.1891872882843018
953,18,INTERMEDIATE,3,12,87,52,2.624987840652466
954,18,INTERMEDIATE,4,12,87,52,2.353339672088623
955,18,INTERMEDIATE,5,12,87,52,2.112365961074829
956,18,INTERMEDIATE,6,12,87,52,1.928423285484314
957,18,INTERMEDIATE,7,12,87,52,1.5375245809555054
958,18,INTERMEDIATE,8,12,87,52,2.7996318340301514
959,18,INTERMEDIATE,9,12,87,52,2.2841038703918457
960,18,INTERMEDIATE,10,12,87,52,2.207599401473999
961,18,INTERMEDIATE,11,12,87,52,2.1306920051574707
962,18,INTERMEDIATE,12,12,87,52,2.05572509765625
963,18,INTERMEDIATE,13,12,87,52,1.9904106855392456
964,18,INTERMEDIATE,14,12,87,52,1.975759506225586
965,18,INTERMEDIATE,15,12,87,52,1.9247064590454102
966,18,INTERMEDIATE,16,12,87,52,1.8785613775253296
967,18,INTERMEDIATE,17,12,87,52,1.828050971031189
968,18,INTERMEDIATE,18,12,87,52,1.8041276931762695
969,18,INTERMEDIATE,19,12,87,52,1.7282994985580444
970,18,INTERMEDIATE,20,12,87,52,1.62434720993042
971,18,INTERMEDIATE,21,12,87,52,1.4578911066055298
972,18,INTERMEDIATE,22,12,87,52,1.7847169637680054
973,18,INTERMEDIATE,23,12,87,52,1.6017332077026367
974,18,INTERMEDIATE,24,12,87,52,1.5125926733016968
975,18,INTERMEDIATE,25,12,87,52,1.3912028074264526
976,18,INTERMEDIATE,26,12,87,52,1.4564456939697266
977,18,INTERMEDIATE,27,12,87,52,1.3343335390090942
978,18,INTERMEDIATE,28,12,87,52,1.3901958465576172
979,18,INTERMEDIATE,29,12,87,52,1.2899476289749146
980,18,INTERMEDIATE,30,12,87,52,1.2764009237289429
981,18,INTERMEDIATE,31,12,87,52,1.4461092948913574
982,18,INTERMEDIATE,32,12,87,52,1.5152572393417358
983,18,INTERMEDIATE,33,12,87,52,1.3486462831497192
984,18,INTERMEDIATE,34,12,87,52,1.319461464881897
985,18,INTERMEDIATE,35,12,87,52,1.3182382583618164
986,18,INTERMEDIATE,36,12,87,52,1.2882510423660278
987,18,INTERMEDIATE,37,12,87,52,1.5382814407348633
988,18,INTERMEDIATE,38,12,87,52,1.3383855819702148
989,18,INTERMEDIATE,39,12,87,52,1.4169416427612305
990,18,INTERMEDIATE,40,12,87,52,1.24793541431427
991,18,INTERMEDIATE,41,12,87,52,1.2506753206253052
992,18,INTERMEDIATE,42,12,87,52,1.2084599733352661
993,18,INTERMEDIATE,43,12,87,52,1.2154337167739868
994,18,INTERMEDIATE,44,12,87,52,1.2173527479171753
995,18,INTERMEDIATE,45,12,87,52,1.2335023880004883
996,18,INTERMEDIATE,46,12,87,52,1.2255789041519165
997,18,INTERMEDIATE,47,12,87,52,1.6237345933914185
998,18,INTERMEDIATE,48,12,87,52,2.073779821395874
999,18,INTERMEDIATE,49,12,87,52,1.8553581237792969
1000,18,INTERMEDIATE,50,12,87,52,1.726209044456482
1001,18,INTERMEDIATE,51,12,87,52,1.646045207977295
1002,18,INTERMEDIATE,52,12,87,52,1.568912148475647
1003,18,INTERMEDIATE,53,12,87,52,1.5078262090682983
1004,18,INTERMEDIATE,54,12,87,52,1.440576434135437
1005,18,INTERMEDIATE,55,12,87,52,1.4117813110351562
1006,18,INTERMEDIATE,56,12,87,52,1.3496330976486206
1007,18,INTERMEDIATE,57,12,87,52,1.3252631425857544
1008,18,COMPLETED,57,12,87,52,1.2084599733352661
1009,19,INTERMEDIATE,0,12,85,49,4.456976413726807
1010,19,INTERMEDIATE,1,12,85,49,3.782630205154419
1011,19,INTERMEDIATE,2,12,85,49,3.1879594326019287
1012,19,INTERMEDIATE,3,12,85,49,2.933635711669922
1013,19,INTERMEDIATE,4,12,85,49,2.5724589824676514
1014,19,INTERMEDIATE,5,12,85,49,2.1817338466644287
1015,19,INTERMEDIATE,6,12,85,49,2.656541585922241
1016,19,INTERMEDIATE,7,12,85,49,2.0077602863311768
1017,19,INTERMEDIATE,8,12,85,49,1.7445522546768188
1018,19,INTERMEDIATE,9,12,85,49,1.6896575689315796
1019,19,INTERMEDIATE,10,12,85,49,1.5490812063217163
1020,19,INTERMEDIATE,11,12,85,49,1.3764928579330444
1021,19,INTERMEDIATE,12,12,85,49,1.2483634948730469
1022,19,INTERMEDIATE,13,12,85,49,1.1255875825881958
1023,19,INTERMEDIATE,14,12,85,49,1.179716944694519
1024,19,INTERMEDIATE,15,12,85,49,1.1500799655914307
1025,19,INTERMEDIATE,16,12,85,49,0.981201171875
1026,19,INTERMEDIATE,17,12,85,49,1.7837671041488647
1027,19,INTERMEDIATE,18,12,85,49,1.5017176866531372
1028,19,INTERMEDIATE,19,12,85,49,1.3530925512313843
1029,19,INTERMEDIATE,20,12,85,49,1.238984227180481
1030,19,INTERMEDIATE,21,12,85,49,1.1304346323013306
1031,19,INTERMEDIATE,22,12,85,49,1.0037195682525635
1032,19,INTERMEDIATE,23,12,85,49,0.9125844836235046
1033,19,INTERMEDIATE,24,12,85,49,1.0204038619995117
1034,19,INTERMEDIATE,25,12,85,49,0.8748149871826172
1035,19,INTERMEDIATE,26,12,85,49,0.8399031758308411
1036,19,INTERMEDIATE,27,12,85,49,0.8423325419425964
1037,19,INTERMEDIATE,28,12,85,49,0.8695096373558044
1038,19,INTERMEDIATE,29,12,85,49,1.0815420150756836
1039,19,INTERMEDIATE,30,12,85,49,0.9883916974067688
1040,19,INTERMEDIATE,31,12,85,49,0.982560932636261
1041,19,INTERMEDIATE,32,12,85,49,0.9406089186668396
1042,19,INTERMEDIATE,33,12,85,49,0.9080304503440857
1043,19,INTERMEDIATE,34,12,85,49,1.399092197418213
1044,19,INTERMEDIATE,35,12,85,49,1.4050408601760864
1045,19,INTERMEDIATE,36,12,85,49,1.0783060789108276
1046,19,INTERMEDIATE,37,12,85,49,1.0283619165420532
1047,19,INTERMEDIATE,38,12,85,49,0.9465472102165222
1048,19,INTERMEDIATE,39,12,85,49,0.889310359954834
1049,19,INTERMEDIATE,40,12,85,49,0.8574042320251465
1050,19,INTERMEDIATE,41,12,85,49,0.8288412094116211
1051,19,INTERMEDIATE,42,12,85,49,0.8088434338569641
1052,19,INTERMEDIATE,43,12,85,49,0.7927328944206238
1053,19,INTERMEDIATE,44,12,85,49,0.7729970812797546
1054,19,INTERMEDIATE,45,12,85,49,0.7572619318962097
1055,19,INTERMEDIATE,46,12,85,49,0.7819742560386658
1056,19,INTERMEDIATE,47,12,85,49,0.7290089726448059
1057,19,INTERMEDIATE,48,12,85,49,1.3712908029556274
1058,19,INTERMEDIATE,49,12,85,49,1.5425491333007812
1059,19,INTERMEDIATE,50,12,85,49,1.0370265245437622
1060,19,INTERMEDIATE,51,12,85,49,0.7262057662010193
1061,19,INTERMEDIATE,52,12,85,49,0.661672055721283
1062,19,INTERMEDIATE,53,12,85,49,0.6334183812141418
1063,19,INTERMEDIATE,54,12,85,49,0.6129484176635742
1064,19,INTERMEDIATE,55,12,85,49,0.6480779647827148
1065,19,INTERMEDIATE,56,12,85,49,0.6303727030754089
1066,19,INTERMEDIATE,57,12,85,49,0.6234434247016907
1067,19,INTERMEDIATE,58,12,85,49,0.6076923608779907
1068,19,INTERMEDIATE,59,12,85,49,0.6013802886009216
1069,19,COMPLETED,59,12,85,49,0.6013802886009216
1070,20,INTERMEDIATE,0,12,83,50,4.578094005584717
1071,20,INTERMEDIATE,1,12,83,50,3.927609443664551
1072,20,INTERMEDIATE,2,12,83,50,3.2448842525482178
1073,20,INTERMEDIATE,3,12,83,50,2.89292049407959
1074,20,INTERMEDIATE,4,12,83,50,2.441070318222046
1075,20,INTERMEDIATE,5,12,83,50,2.205775022506714
1076,20,INTERMEDIATE,6,12,83,50,2.0390784740448
1077,20,INTERMEDIATE,7,12,83,50,2.288001537322998
1078,20,INTERMEDIATE,8,12,83,50,1.8112508058547974
1079,20,INTERMEDIATE,9,12,83,50,1.7502784729003906
1080,20,INTERMEDIATE,10,12,83,50,1.7229561805725098
1081,20,INTERMEDIATE,11,12,83,50,2.075451612472534
1082,20,INTERMEDIATE,12,12,83,50,2.006134510040283
1083,20,INTERMEDIATE,13,12,83,50,1.8260618448257446
1084,20,INTERMEDIATE,14,12,83,50,1.7412500381469727
1085,20,INTERMEDIATE,15,12,83,50,1.6113735437393188
1086,20,INTERMEDIATE,16,12,83,50,1.5326677560806274
1087,20,INTERMEDIATE,17,12,83,50,1.4687620401382446
1088,20,INTERMEDIATE,18,12,83,50,1.3818330764770508
1089,20,INTERMEDIATE,19,12,83,50,1.3175721168518066
1090,20,INTERMEDIATE,20,12,83,50,1.3301869630813599
1091,20,INTERMEDIATE,21,12,83,50,1.7721270322799683
1092,20,INTERMEDIATE,22,12,83,50,1.4167660474777222
1093,20,INTERMEDIATE,23,12,83,50,1.1726499795913696
1094,20,INTERMEDIATE,24,12,83,50,0.9887264370918274
1095,20,INTERMEDIATE,25,12,83,50,1.1017831563949585
1096,20,INTERMEDIATE,26,12,83,50,0.9589381217956543
1097,20,INTERMEDIATE,27,12,83,50,0.9651393890380859
1098,20,INTERMEDIATE,28,12,83,50,1.4693207740783691
1099,20,INTERMEDIATE,29,12,83,50,1.003778100013733
1100,20,INTERMEDIATE,30,12,83,50,1.0143765211105347
1101,20,INTERMEDIATE,31,12,83,50,1.2398344278335571
1102,20,INTERMEDIATE,32,12,83,50,1.112115740776062
1103,20,INTERMEDIATE,33,12,83,50,1.0458747148513794
1104,20,INTERMEDIATE,34,12,83,50,0.9183041453361511
1105,20,INTERMEDIATE,35,12,83,50,0.8906447291374207
1106,20,INTERMEDIATE,36,12,83,50,0.8466910719871521
1107,20,INTERMEDIATE,37,12,83,50,0.8100075721740723
1108,20,INTERMEDIATE,38,12,83,50,0.712705671787262
1109,20,INTERMEDIATE,39,12,83,50,0.7339093089103699
1110,20,INTERMEDIATE,40,12,83,50,0.6891180872917175
1111,20,INTERMEDIATE,41,12,83,50,0.6672367453575134
1112,20,INTERMEDIATE,42,12,83,50,0.6530590057373047
1113,20,INTERMEDIATE,43,12,83,50,0.6520645618438721
1114,20,INTERMEDIATE,44,12,83,50,0.6469330191612244
1115,20,INTERMEDIATE,45,12,83,50,0.6387090086936951
1116,20,INTERMEDIATE,46,12,83,50,0.6593799591064453
1117,20,INTERMEDIATE,47,12,83,50,0.6174120306968689
1118,20,INTERMEDIATE,48,12,83,50,0.5870334506034851
1119,20,INTERMEDIATE,49,12,83,50,0.5904249548912048
1120,20,INTERMEDIATE,50,12,83,50,1.1819795370101929
1121,20,INTERMEDIATE,51,12,83,50,1.0769022703170776
1122,20,INTERMEDIATE,52,12,83,50,0.8096184730529785
1123,20,INTERMEDIATE,53,12,83,50,0.6331966519355774
1124,20,INTERMEDIATE,54,12,83,50,0.5845848917961121
1125,20,INTERMEDIATE,55,12,83,50,0.563891589641571
1126,20,INTERMEDIATE,56,12,83,50,0.5337948203086853
1127,20,INTERMEDIATE,57,12,83,50,0.5279451012611389
1128,20,INTERMEDIATE,58,12,83,50,0.5613819360733032
1129,20,INTERMEDIATE,59,12,83,50,0.4842338263988495
1130,20,COMPLETED,59,12,83,50,0.4842338263988495
1131,21,INTERMEDIATE,0,12,87,47,4.433130264282227
1132,21,INTERMEDIATE,1,12,87,47,3.7491817474365234
1133,21,INTERMEDIATE,2,12,87,47,3.216782331466675
1134,21,INTERMEDIATE,3,12,87,47,2.62788987159729
1135,21,INTERMEDIATE,4,12,87,47,2.2770748138427734
1136,21,INTERMEDIATE,5,12,87,47,2.3600142002105713
1137,21,INTERMEDIATE,6,12,87,47,1.9196912050247192
1138,21,INTERMEDIATE,7,12,87,47,1.654990792274475
1139,21,INTERMEDIATE,8,12,87,47,1.855381965637207
1140,21,INTERMEDIATE,9,12,87,47,1.3918968439102173
1141,21,INTERMEDIATE,10,12,87,47,1.2114604711532593
1142,21,INTERMEDIATE,11,12,87,47,1.2576149702072144
1143,21,INTERMEDIATE,12,12,87,47,1.2641342878341675
1144,21,INTERMEDIATE,13,12,87,47,1.5260435342788696
1145,21,INTERMEDIATE,14,12,87,47,1.523093581199646
1146,21,INTERMEDIATE,15,12,87,47,1.4618291854858398
1147,21,INTERMEDIATE,16,12,87,47,1.203260898590088
1148,21,INTERMEDIATE,17,12,87,47,1.0964078903198242
1149,21,INTERMEDIATE,18,12,87,47,1.5823715925216675
1150,21,INTERMEDIATE,19,12,87,47,1.5439530611038208
1151,21,INTERMEDIATE,20,12,87,47,1.7740169763565063
1152,21,INTERMEDIATE,21,12,87,47,1.5853101015090942
1153,21,INTERMEDIATE,22,12,87,47,1.4183827638626099
1154,21,INTERMEDIATE,23,12,87,47,1.3624663352966309
1155,21,INTERMEDIATE,24,12,87,47,1.300336480140686
1156,21,INTERMEDIATE,25,12,87,47,1.2708946466445923
1157,21,INTERMEDIATE,26,12,87,47,1.192189335823059
1158,21,INTERMEDIATE,27,12,87,47,1.1182383298873901
1159,21,INTERMEDIATE,28,12,87,47,1.022192358970642
1160,21,INTERMEDIATE,29,12,87,47,1.321467399597168
1161,21,INTERMEDIATE,30,12,87,47,1.03983736038208
1162,21,INTERMEDIATE,31,12,87,47,0.8646059036254883
1163,21,INTERMEDIATE,32,12,87,47,0.8858835101127625
1164,21,INTERMEDIATE,33,12,87,47,0.8518056869506836
1165,21,INTERMEDIATE,34,12,87,47,0.8202705383300781
1166,21,INTERMEDIATE,35,12,87,47,0.7866308689117432
1167,21,INTERMEDIATE,36,12,87,47,0.7741923332214355
1168,21,INTERMEDIATE,37,12,87,47,0.7593007683753967
1169,21,INTERMEDIATE,38,12,87,47,0.7516277432441711
1170,21,INTERMEDIATE,39,12,87,47,0.7402305603027344
1171,21,INTERMEDIATE,40,12,87,47,0.7303932309150696
1172,21,INTERMEDIATE,41,12,87,47,0.7149980664253235
1173,21,INTERMEDIATE,42,12,87,47,0.7098442912101746
1174,21,INTERMEDIATE,43,12,87,47,0.6922290921211243
1175,21,INTERMEDIATE,44,12,87,47,0.6834089159965515
1176,21,INTERMEDIATE,45,12,87,47,1.8411740064620972
1177,21,INTERMEDIATE,46,12,87,47,1.0569278001785278
1178,21,INTERMEDIATE,47,12,87,47,0.8474671840667725
1179,21,INTERMEDIATE,48,12,87,47,0.7129165530204773
1180,21,INTERMEDIATE,49,12,87,47,1.0275684595108032
1181,21,INTERMEDIATE,50,12,87,47,0.7222773432731628
1182,21,INTERMEDIATE,51,12,87,47,0.6917712688446045
1183,21,INTERMEDIATE,52,12,87,47,0.6273637413978577
1184,21,INTERMEDIATE,53,12,87,47,0.6114417910575867
1185,21,INTERMEDIATE,54,12,87,47,0.6056820154190063
1186,21,INTERMEDIATE,55,12,87,47,0.6331326961517334
1187,21,INTERMEDIATE,56,12,87,47,0.5159731507301331
1188,21,INTERMEDIATE,57,12,87,47,0.5865880250930786
1189,21,INTERMEDIATE,58,12,87,47,0.7266411781311035
1190,21,INTERMEDIATE,59,12,87,47,0.45300784707069397
1191,21,COMPLETED,59,12,87,47,0.45300784707069397
1192,22,INTERMEDIATE,0,12,89,54,4.770889759063721
1193,22,INTERMEDIATE,1,12,89,54,3.9613399505615234
1194,22,INTERMEDIATE,2,12,89,54,3.2636024951934814
1195,22,INTERMEDIATE,3,12,89,54,2.7047598361968994
1196,22,INTERMEDIATE,4,12,89,54,2.278726816177368
1197,22,INTERMEDIATE,5,12,89,54,1.9868426322937012
1198,22,INTERMEDIATE,6,12,89,54,1.8041585683822632
1199,22,INTERMEDIATE,7,12,89,54,1.7192007303237915
1200,22,INTERMEDIATE,8,12,89,54,1.4271215200424194
1201,22,INTERMEDIATE,9,12,89,54,1.2997161149978638
1202,22,INTERMEDIATE,10,12,89,54,1.309606671333313
1203,22,INTERMEDIATE,11,12,89,54,1.1430524587631226
1204,22,INTERMEDIATE,12,12,89,54,1.5243879556655884
1205,22,INTERMEDIATE,13,12,89,54,1.2318333387374878
1206,22,INTERMEDIATE,14,12,89,54,1.1217244863510132
1207,22,INTERMEDIATE,15,12,89,54,1.3593006134033203
1208,22,INTERMEDIATE,16,12,89,54,1.0616647005081177
1209,22,INTERMEDIATE,17,12,89,54,0.9147500395774841
1210,22,INTERMEDIATE,18,12,89,54,0.9024694561958313
1211,22,INTERMEDIATE,19,12,89,54,2.0505716800689697
1212,22,INTERMEDIATE,20,12,89,54,1.5688214302062988
1213,22,INTERMEDIATE,21,12,89,54,1.4071611166000366
1214,22,INTERMEDIATE,22,12,89,54,1.2835664749145508
1215,22,INTERMEDIATE,23,12,89,54,1.1298481225967407
1216,22,INTERMEDIATE,24,12,89,54,0.9608427882194519
1217,22,INTERMEDIATE,25,12,89,54,0.8844642639160156
1218,22,INTERMEDIATE,26,12,89,54,1.089524269104004
1219,22,INTERMEDIATE,27,12,89,54,0.9423980712890625
1220,22,INTERMEDIATE,28,12,89,54,0.8092085719108582
1221,22,INTERMEDIATE,29,12,89,54,0.7441177368164062
1222,22,INTERMEDIATE,30,12,89,54,0.7261407971382141
1223,22,INTERMEDIATE,31,12,89,54,0.7136022448539734
1224,22,INTERMEDIATE,32,12,89,54,0.7071571946144104
1225,22,INTERMEDIATE,33,12,89,54,0.7698482871055603
1226,22,INTERMEDIATE,34,12,89,54,0.7320113778114319
1227,22,INTERMEDIATE,35,12,89,54,0.6825134754180908
1228,22,INTERMEDIATE,36,12,89,54,0.7857959866523743
1229,22,INTERMEDIATE,37,12,89,54,0.5810508131980896
1230,22,INTERMEDIATE,38,12,89,54,0.8006101250648499
1231,22,INTERMEDIATE,39,12,89,54,0.8083987236022949
1232,22,INTERMEDIATE,40,12,89,54,0.7418540120124817
1233,22,INTERMEDIATE,41,12,89,54,0.6419066786766052
1234,22,INTERMEDIATE,42,12,89,54,0.6385542750358582
1235,22,INTERMEDIATE,43,12,89,54,0.6147400140762329
1236,22,INTERMEDIATE,44,12,89,54,0.5842693448066711
1237,22,INTERMEDIATE,45,12,89,54,0.6022920608520508
1238,22,INTERMEDIATE,46,12,89,54,0.5875455737113953
1239,22,INTERMEDIATE,47,12,89,54,0.5890000462532043
1240,22,INTERMEDIATE,48,12,89,54,0.5781643986701965
1241,22,INTERMEDIATE,49,12,89,54,0.5442208051681519
1242,22,INTERMEDIATE,50,12,89,54,0.5656764507293701
1243,22,INTERMEDIATE,51,12,89,54,0.5901256799697876
1244,22,INTERMEDIATE,52,12,89,54,0.6913486123085022
1245,22,INTERMEDIATE,53,12,89,54,0.6216920018196106
1246,22,INTERMEDIATE,54,12,89,54,0.6409674286842346
1247,22,INTERMEDIATE,55,12,89,54,0.7239389419555664
1248,22,INTERMEDIATE,56,12,89,54,0.5174924731254578
1249,22,INTERMEDIATE,57,12,89,54,1.6886534690856934
1250,22,INTERMEDIATE,58,12,89,54,0.8001101016998291
1251,22,INTERMEDIATE,59,12,89,54,0.6692513823509216
1252,22,COMPLETED,59,12,89,54,0.5174924731254578
1253,23,INTERMEDIATE,0,32,84,50,5.005634784698486
1254,23,INTERMEDIATE,1,32,84,50,4.70390510559082
1255,23,INTERMEDIATE,2,32,84,50,4.399323463439941
1256,23,INTERMEDIATE,3,32,84,50,4.070491790771484
1257,23,INTERMEDIATE,4,32,84,50,3.6648476123809814
1258,23,INTERMEDIATE,5,32,84,50,3.2598934173583984
1259,23,INTERMEDIATE,6,32,84,50,3.053443193435669
1260,23,INTERMEDIATE,7,32,84,50,2.8041322231292725
1261,23,INTERMEDIATE,8,32,84,50,2.9060218334198
1262,23,INTERMEDIATE,9,32,84,50,2.6515610218048096
1263,23,INTERMEDIATE,10,32,84,50,2.5229616165161133
1264,23,INTERMEDIATE,11,32,84,50,2.408531904220581
1265,23,INTERMEDIATE,12,32,84,50,2.2730672359466553
1266,23,INTERMEDIATE,13,32,84,50,2.1091654300689697
1267,23,INTERMEDIATE,14,32,84,50,2.0368850231170654
1268,23,INTERMEDIATE,15,32,84,50,2.362070083618164
1269,23,INTERMEDIATE,16,32,84,50,2.0371482372283936
1270,23,INTERMEDIATE,17,32,84,50,1.997029185295105
1271,23,INTERMEDIATE,18,32,84,50,1.8908761739730835
1272,23,INTERMEDIATE,19,32,84,50,1.8539453744888306
1273,23,INTERMEDIATE,20,32,84,50,1.8299342393875122
1274,23,INTERMEDIATE,21,32,84,50,1.7846299409866333
1275,23,INTERMEDIATE,22,32,84,50,1.6426481008529663
1276,23,INTERMEDIATE,23,32,84,50,1.587845802307129
1277,23,INTERMEDIATE,24,32,84,50,1.5517631769180298
1278,23,INTERMEDIATE,25,32,84,50,1.5660885572433472
1279,23,INTERMEDIATE,26,32,84,50,1.4812713861465454
1280,23,INTERMEDIATE,27,32,84,50,1.4447299242019653
1281,23,INTERMEDIATE,28,32,84,50,1.3355873823165894
1282,23,INTERMEDIATE,29,32,84,50,1.3718591928482056
1283,23,INTERMEDIATE,30,32,84,50,1.338358759880066
1284,23,INTERMEDIATE,31,32,84,50,1.2493606805801392
1285,23,INTERMEDIATE,32,32,84,50,1.3877865076065063
1286,23,INTERMEDIATE,33,32,84,50,1.3016897439956665
1287,23,INTERMEDIATE,34,32,84,50,1.1929539442062378
1288,23,INTERMEDIATE,35,32,84,50,1.183125376701355
1289,23,INTERMEDIATE,36,32,84,50,1.2384042739868164
1290,23,INTERMEDIATE,37,32,84,50,1.1559696197509766
1291,23,INTERMEDIATE,38,32,84,50,1.1359949111938477
1292,23,INTERMEDIATE,39,32,84,50,1.1536157131195068
1293,23,INTERMEDIATE,40,32,84,50,1.1043518781661987
1294,23,INTERMEDIATE,41,32,84,50,1.0699385404586792
1295,23,INTERMEDIATE,42,32,84,50,1.0253852605819702
1296,23,INTERMEDIATE,43,32,84,50,1.1067696809768677
1297,23,INTERMEDIATE,44,32,84,50,1.1011520624160767
1298,23,INTERMEDIATE,45,32,84,50,1.036619782447815
1299,23,INTERMEDIATE,46,32,84,50,2.6092031002044678
1300,23,INTERMEDIATE,47,32,84,50,1.6359561681747437
1301,23,INTERMEDIATE,48,32,84,50,1.6591163873672485
1302,23,INTERMEDIATE,49,32,84,50,1.6418075561523438
1303,23,INTERMEDIATE,50,32,84,50,1.5834771394729614
1304,23,INTERMEDIATE,51,32,84,50,1.5165601968765259
1305,23,INTERMEDIATE,52,32,84,50,1.4591230154037476
1306,23,INTERMEDIATE,53,32,84,50,1.4050570726394653
1307,23,INTERMEDIATE,54,32,84,50,1.361374855041504
1308,23,INTERMEDIATE,55,32,84,50,1.323804259300232
1309,23,INTERMEDIATE,56,32,84,50,1.2896206378936768
1310,23,INTERMEDIATE,57,32,84,50,1.2567442655563354
1311,23,COMPLETED,57,32,84,50,1.0253852605819702
1312,24,INTERMEDIATE,0,12,89,53,4.7136359214782715
1313,24,INTERMEDIATE,1,12,89,53,3.8803608417510986
1314,24,INTERMEDIATE,2,12,89,53,3.146343946456909
1315,24,INTERMEDIATE,3,12,89,53,2.9435322284698486
1316,24,INTERMEDIATE,4,12,89,53,2.493743896484375
1317,24,INTERMEDIATE,5,12,89,53,2.196692705154419
1318,24,INTERMEDIATE,6,12,89,53,2.026667356491089
1319,24,INTERMEDIATE,7,12,89,53,1.7395824193954468
1320,24,INTERMEDIATE,8,12,89,53,1.5604814291000366
1321,24,INTERMEDIATE,9,12,89,53,1.596962809562683
1322,24,INTERMEDIATE,10,12,89,53,1.5450559854507446
1323,24,INTERMEDIATE,11,12,89,53,1.2977460622787476
1324,24,INTERMEDIATE,12,12,89,53,1.4373880624771118
1325,24,INTERMEDIATE,13,12,89,53,1.2116097211837769
1326,24,INTERMEDIATE,14,12,89,53,1.1211483478546143
1327,24,INTERMEDIATE,15,12,89,53,1.015924096107483
1328,24,INTERMEDIATE,16,12,89,53,1.1987384557724
1329,24,INTERMEDIATE,17,12,89,53,1.05604887008667
1330,24,INTERMEDIATE,18,12,89,53,1.061815857887268
1331,24,INTERMEDIATE,19,12,89,53,0.9029378294944763
1332,24,INTERMEDIATE,20,12,89,53,0.9033047556877136
1333,24,INTERMEDIATE,21,12,89,53,0.8539595007896423
1334,24,INTERMEDIATE,22,12,89,53,0.7610830664634705
1335,24,INTERMEDIATE,23,12,89,53,0.852026641368866
1336,24,INTERMEDIATE,24,12,89,53,0.8100253939628601
1337,24,INTERMEDIATE,25,12,89,53,0.7970942854881287
1338,24,INTERMEDIATE,26,12,89,53,0.7772109508514404
1339,24,INTERMEDIATE,27,12,89,53,0.6954591870307922
1340,24,INTERMEDIATE,28,12,89,53,0.717884361743927
1341,24,INTERMEDIATE,29,12,89,53,0.7269563674926758
1342,24,INTERMEDIATE,30,12,89,53,1.0680397748947144
1343,24,INTERMEDIATE,31,12,89,53,0.8987734913825989
1344,24,INTERMEDIATE,32,12,89,53,0.796639621257782
1345,24,INTERMEDIATE,33,12,89,53,0.7709195017814636
1346,24,INTERMEDIATE,34,12,89,53,0.7214824557304382
1347,24,INTERMEDIATE,35,12,89,53,0.6713835597038269
1348,24,INTERMEDIATE,36,12,89,53,0.7145593762397766
1349,24,INTERMEDIATE,37,12,89,53,1.2627885341644287
1350,24,INTERMEDIATE,38,12,89,53,0.77213454246521
1351,24,INTERMEDIATE,39,12,89,53,0.7835562229156494
1352,24,INTERMEDIATE,40,12,89,53,1.0288363695144653
1353,24,INTERMEDIATE,41,12,89,53,0.7895888686180115
1354,24,INTERMEDIATE,42,12,89,53,0.6851642727851868
1355,24,INTERMEDIATE,43,12,89,53,0.7881184220314026
1356,24,INTERMEDIATE,44,12,89,53,0.7478289604187012
1357,24,INTERMEDIATE,45,12,89,53,0.711566150188446
1358,24,INTERMEDIATE,46,12,89,53,0.6853687763214111
1359,24,INTERMEDIATE,47,12,89,53,0.7029387354850769
1360,24,INTERMEDIATE,48,12,89,53,0.7000190615653992
1361,24,INTERMEDIATE,49,12,89,53,0.6267542839050293
1362,24,INTERMEDIATE,50,12,89,53,0.5767949223518372
1363,24,INTERMEDIATE,51,12,89,53,0.5730866193771362
1364,24,INTERMEDIATE,52,12,89,53,0.5540094971656799
1365,24,INTERMEDIATE,53,12,89,53,0.5411372780799866
1366,24,INTERMEDIATE,54,12,89,53,0.5293112397193909
1367,24,INTERMEDIATE,55,12,89,53,0.5196093916893005
1368,24,INTERMEDIATE,56,12,89,53,0.5243659615516663
1369,24,INTERMEDIATE,57,12,89,53,0.6429104208946228
1370,24,INTERMEDIATE,58,12,89,53,0.6471524834632874
1371,24,INTERMEDIATE,59,12,89,53,0.6238136887550354
1372,24,COMPLETED,59,12,89,53,0.5196093916893005
1373,25,INTERMEDIATE,0,12,88,48,4.469599723815918
1374,25,INTERMEDIATE,1,12,88,48,3.8649699687957764
1375,25,INTERMEDIATE,2,12,88,48,3.1269586086273193
1376,25,INTERMEDIATE,3,12,88,48,2.5952796936035156
1377,25,INTERMEDIATE,4,12,88,48,2.3962676525115967
1378,25,INTERMEDIATE,5,12,88,48,2.541146993637085
1379,25,INTERMEDIATE,6,12,88,48,2.164269208908081
1380,25,INTERMEDIATE,7,12,88,48,1.976524829864502
1381,25,INTERMEDIATE,8,12,88,48,1.8204759359359741
1382,25,INTERMEDIATE,9,12,88,48,2.094520092010498
1383,25,INTERMEDIATE,10,12,88,48,2.1444194316864014
1384,25,INTERMEDIATE,11,12,88,48,1.8599481582641602
1385,25,INTERMEDIATE,12,12,88,48,1.709197998046875
1386,25,INTERMEDIATE,13,12,88,48,1.6079424619674683
1387,25,INTERMEDIATE,14,12,88,48,1.7306820154190063
1388,25,INTERMEDIATE,15,12,88,48,1.611854910850525
1389,25,INTERMEDIATE,16,12,88,48,1.6732879877090454
1390,25,INTERMEDIATE,17,12,88,48,1.5864814519882202
1391,25,INTERMEDIATE,18,12,88,48,1.4362701177597046
1392,25,INTERMEDIATE,19,12,88,48,1.3701988458633423
1393,25,INTERMEDIATE,20,12,88,48,1.3764163255691528
1394,25,INTERMEDIATE,21,12,88,48,1.1826976537704468
1395,25,INTERMEDIATE,22,12,88,48,1.2567168474197388
1396,25,INTERMEDIATE,23,12,88,48,1.2974578142166138
1397,25,INTERMEDIATE,24,12,88,48,1.1928750276565552
1398,25,INTERMEDIATE,25,12,88,48,2.1905999183654785
1399,25,INTERMEDIATE,26,12,88,48,1.5441941022872925
1400,25,INTERMEDIATE,27,12,88,48,1.3444651365280151
1401,25,INTERMEDIATE,28,12,88,48,1.1656711101531982
1402,25,INTERMEDIATE,29,12,88,48,1.0633426904678345
1403,25,INTERMEDIATE,30,12,88,48,1.2822529077529907
1404,25,INTERMEDIATE,31,12,88,48,1.0068836212158203
1405,25,INTERMEDIATE,32,12,88,48,0.9750922322273254
1406,25,INTERMEDIATE,33,12,88,48,3.071467161178589
1407,25,INTERMEDIATE,34,12,88,48,1.7280584573745728
1408,25,INTERMEDIATE,35,12,88,48,1.7850536108016968
1409,25,INTERMEDIATE,36,12,88,48,1.678842544555664
1410,25,INTERMEDIATE,37,12,88,48,1.5827840566635132
1411,25,INTERMEDIATE,38,12,88,48,1.5036829710006714
1412,25,INTERMEDIATE,39,12,88,48,1.4651700258255005
1413,25,INTERMEDIATE,40,12,88,48,1.4063137769699097
1414,25,INTERMEDIATE,41,12,88,48,1.3122013807296753
1415,25,INTERMEDIATE,42,12,88,48,1.1809109449386597
1416,25,INTERMEDIATE,43,12,88,48,1.0156534910202026
1417,25,INTERMEDIATE,44,12,88,48,0.8770435452461243
1418,25,INTERMEDIATE,45,12,88,48,0.9164142608642578
1419,25,INTERMEDIATE,46,12,88,48,0.8216042518615723
1420,25,INTERMEDIATE,47,12,88,48,1.7193249464035034
1421,25,INTERMEDIATE,48,12,88,48,1.4247808456420898
1422,25,INTERMEDIATE,49,12,88,48,1.3129571676254272
1423,25,INTERMEDIATE,50,12,88,48,1.2758996486663818
1424,25,INTERMEDIATE,51,12,88,48,1.1605650186538696
1425,25,INTERMEDIATE,52,12,88,48,1.226173758506775
1426,25,INTERMEDIATE,53,12,88,48,1.2894253730773926
1427,25,INTERMEDIATE,54,12,88,48,1.160819411277771
1428,25,INTERMEDIATE,55,12,88,48,1.0769773721694946
1429,25,INTERMEDIATE,56,12,88,48,1.0065137147903442
1430,25,INTERMEDIATE,57,12,88,48,0.9964361786842346
1431,25,INTERMEDIATE,58,12,88,48,0.9835762977600098
1432,25,INTERMEDIATE,59,12,88,48,0.928349494934082
1433,25,COMPLETED,59,12,88,48,0.8216042518615723
